id,first_name,last_name,email,gender,ip_address
1,Orion,Vannuccini,ovannuccini0@feedburner.com,Male,178.211.236.188
2,Kaleb,Piolli,kpiolli1@kickstarter.com,Male,200.154.171.225
3,Dell,Bootland,dbootland2@dropbox.com,Bigender,33.216.166.108
4,Rowena,Karsh,rkarsh3@latimes.com,Female,232.163.99.51
5,Pippa,Ede,pede4@example.com,Female,31.6.126.62
6,Etheline,Stanfield,estanfield5@ed.gov,Female,9.117.34.135
7,Codie,Bowld,cbowld6@google.nl,Female,236.168.223.41
8,Winthrop,Colbourne,wcolbourne7@yolasite.com,Agender,77.34.205.177
9,Dniren,Tyrone,dtyrone8@blog.com,Female,130.29.78.131
10,Barbabas,McCaughey,bmccaughey9@sciencedaily.com,Male,102.125.144.73
11,Lorin,Petersen,lpetersena@printfriendly.com,Male,218.3.65.97
12,Adella,Novotne,anovotneb@sogou.com,Female,127.64.89.176
13,Malia,Armytage,marmytagec@theguardian.com,Female,215.231.235.82
14,Julieta,Korneev,jkorneevd@shareasale.com,Female,26.150.201.35
15,Rosalyn,Kivlehan,rkivlehane@example.com,Female,117.153.140.203
16,Norton,Impey,nimpeyf@msn.com,Male,145.217.228.142
17,Melli,Pine,mpineg@so-net.ne.jp,Female,223.40.183.52
18,Margy,Seago,mseagoh@foxnews.com,Female,27.140.9.74
19,Aubrey,Startin,astartini@usa.gov,Genderqueer,221.1.177.59
20,Allistir,Pynn,apynnj@google.de,Male,141.141.199.145
21,Fields,Ortiga,fortigak@dot.gov,Male,153.77.55.149
22,Der,Stotherfield,dstotherfieldl@goo.gl,Male,119.163.169.223
23,Fabio,Hessle,fhesslem@marriott.com,Male,28.160.221.225
24,Kirsteni,Spyby,kspybyn@house.gov,Female,79.114.155.131
25,Christoph,Bindin,cbindino@noaa.gov,Male,7.12.87.90
26,Fiann,Panchen,fpanchenp@networksolutions.com,Female,19.75.146.248
27,Leilah,Billyard,lbillyardq@bandcamp.com,Genderqueer,104.140.223.194
28,Daria,Lyons,dlyonsr@wordpress.org,Female,52.21.52.141
29,Lorena,Velez,lvelezs@time.com,Female,144.82.68.27
30,Dollie,Whoolehan,dwhoolehant@clickbank.net,Female,118.68.247.132
31,Rivi,Terese,rtereseu@sciencedirect.com,Female,84.62.113.69
32,Melvyn,Arkcoll,markcollv@nytimes.com,Male,0.1.100.17
33,Raynell,Stockbridge,rstockbridgew@typepad.com,Female,121.228.149.140
34,Keelby,Haselgrove,khaselgrovex@nydailynews.com,Male,225.84.228.38
35,Sinclare,Shiell,sshielly@pinterest.com,Male,42.39.176.213
36,Der,Ambler,damblerz@angelfire.com,Male,231.73.90.94
37,Celestyna,Livingstone,clivingstone10@angelfire.com,Female,173.4.63.119
38,Bernard,Strotton,bstrotton11@youtu.be,Male,50.168.168.106
39,Helge,Ewbach,hewbach12@oaic.gov.au,Female,197.227.30.60
40,Misti,Beadman,mbeadman13@webnode.com,Female,221.222.231.68
41,Sallyann,Aggas,saggas14@yolasite.com,Agender,199.2.84.201
42,Lance,Mellor,lmellor15@zdnet.com,Male,5.208.118.128
43,Vevay,Almon,valmon16@lycos.com,Female,132.158.137.149
44,Lorin,Dafforne,ldafforne17@elpais.com,Male,241.8.189.188
45,Edmund,Fretter,efretter18@cloudflare.com,Male,158.254.115.55
46,Zonnya,Molines,zmolines19@rakuten.co.jp,Female,86.108.140.43
47,Curt,Mathieson,cmathieson1a@umn.edu,Male,91.103.90.236
48,Linn,Van Arsdalen,lvanarsdalen1b@salon.com,Male,233.181.136.255
49,Emile,Callister,ecallister1c@intel.com,Male,54.218.221.118
50,Benny,Pilpovic,bpilpovic1d@newsvine.com,Male,7.247.204.110
51,Waylon,Tamblyn,wtamblyn1e@ovh.net,Genderfluid,75.80.222.13
52,Brittni,Ludewig,bludewig1f@baidu.com,Female,55.170.73.178
53,Benoit,Ivkovic,bivkovic1g@fda.gov,Male,38.74.141.179
54,Tully,Wanek,twanek1h@cocolog-nifty.com,Polygender,240.192.99.104
55,Royce,Brattan,rbrattan1i@ezinearticles.com,Male,165.151.100.147
56,Vikky,Adne,vadne1j@squarespace.com,Female,24.99.0.161
57,Christalle,Ruscoe,cruscoe1k@google.co.jp,Bigender,21.205.190.166
58,Arie,Enion,aenion1l@typepad.com,Male,11.150.161.21
59,Dilan,Duncan,dduncan1m@aboutads.info,Male,220.161.59.210
60,Micheal,Manshaw,mmanshaw1n@merriam-webster.com,Male,253.204.92.46
61,Fifine,Wisham,fwisham1o@paginegialle.it,Female,235.158.249.62
62,Hobie,Russam,hrussam1p@hibu.com,Male,17.64.228.138
63,Jamill,Bleakman,jbleakman1q@ocn.ne.jp,Male,86.138.140.110
64,Rodina,Ruddom,rruddom1r@vkontakte.ru,Female,83.244.100.177
65,Mandel,Balaam,mbalaam1s@cisco.com,Male,217.23.229.16
66,Vale,Haker,vhaker1t@google.co.uk,Male,108.9.70.191
67,Mace,Dubock,mdubock1u@addthis.com,Male,31.180.240.124
68,Hobart,Jackling,hjackling1v@bluehost.com,Male,145.15.222.41
69,Alick,Musk,amusk1w@tamu.edu,Male,16.246.63.72
70,Kai,Ferries,kferries1x@reuters.com,Female,200.57.10.55
71,Drusie,Fogt,dfogt1y@dagondesign.com,Female,27.202.88.114
72,Lacy,Jerams,ljerams1z@tumblr.com,Female,7.24.243.19
73,Damiano,Ralfe,dralfe20@boston.com,Male,8.235.75.243
74,Loy,Puleston,lpuleston21@oakley.com,Male,208.54.117.236
75,Minetta,Waything,mwaything22@bravesites.com,Female,71.39.68.132
76,Gayler,Weine,gweine23@redcross.org,Male,172.25.167.168
77,Elliot,Berthouloume,eberthouloume24@umich.edu,Male,132.143.137.27
78,Valry,Bartolomeo,vbartolomeo25@statcounter.com,Female,93.255.102.236
79,Homer,Castagneri,hcastagneri26@live.com,Male,122.202.238.214
80,August,Kuhne,akuhne27@shinystat.com,Male,33.105.74.23
81,Mariel,Fyldes,mfyldes28@dyndns.org,Female,214.109.200.125
82,Boyd,Giffard,bgiffard29@google.nl,Bigender,91.226.207.94
83,Joyan,Ormerod,jormerod2a@reuters.com,Female,216.181.140.58
84,Rubin,Vasyunichev,rvasyunichev2b@t.co,Male,210.200.128.244
85,Cindee,McElrath,cmcelrath2c@comcast.net,Female,204.197.180.24
86,Dona,McCurt,dmccurt2d@dion.ne.jp,Genderfluid,224.71.238.154
87,Manfred,Mangeney,mmangeney2e@princeton.edu,Agender,199.213.91.98
88,Paddie,Tremellier,ptremellier2f@lycos.com,Male,230.2.139.65
89,Maia,Stoppe,mstoppe2g@hostgator.com,Female,13.226.125.25
90,Marji,Hanrahan,mhanrahan2h@booking.com,Female,98.242.132.116
91,Geri,Coalbran,gcoalbran2i@sina.com.cn,Genderfluid,126.78.168.75
92,Sunshine,Houchin,shouchin2j@arstechnica.com,Female,201.209.171.38
93,Chandler,Gateshill,cgateshill2k@free.fr,Male,18.121.69.44
94,Aristotle,Jobbins,ajobbins2l@163.com,Male,219.25.56.37
95,Findlay,Llewelyn,fllewelyn2m@delicious.com,Male,180.1.62.128
96,Jobey,Philbrook,jphilbrook2n@tinyurl.com,Female,241.10.125.207
97,Weidar,Leynham,wleynham2o@sphinn.com,Male,12.174.159.134
98,Elyssa,Deam,edeam2p@icio.us,Female,204.195.251.149
99,Letty,Hurll,lhurll2q@nasa.gov,Polygender,233.235.21.38
100,Ginnifer,Loughnan,gloughnan2r@newsvine.com,Genderqueer,203.229.25.43
101,Tamma,Davio,tdavio2s@fotki.com,Female,220.182.217.188
102,Berkly,Gladden,bgladden2t@earthlink.net,Male,29.255.144.191
103,Gaven,Orans,gorans2u@narod.ru,Male,158.50.82.150
104,Darcee,Dwyer,ddwyer2v@usnews.com,Polygender,216.108.96.248
105,Joyce,Macak,jmacak2w@google.de,Female,47.92.79.150
106,Noella,Dey,ndey2x@icq.com,Female,70.193.178.67
107,Levy,Ames,lames2y@washingtonpost.com,Male,18.192.148.171
108,Beatrix,Aujean,baujean2z@nhs.uk,Non-binary,83.18.159.138
109,Kelci,Margach,kmargach30@privacy.gov.au,Female,183.145.137.170
110,Idaline,Jablonski,ijablonski31@dagondesign.com,Female,44.199.138.29
111,Jacynth,Methingam,jmethingam32@wikimedia.org,Female,117.176.78.41
112,Bernie,Bellward,bbellward33@google.co.jp,Male,24.209.248.65
113,Tanitansy,Franzetti,tfranzetti34@salon.com,Female,191.57.251.120
114,Zak,Radbone,zradbone35@ucoz.com,Male,22.102.242.5
115,Remington,Antonoczyk,rantonoczyk36@domainmarket.com,Male,29.173.40.3
116,Dyan,Jarrette,djarrette37@miibeian.gov.cn,Female,51.230.75.242
117,Ingmar,Mitro,imitro38@wikimedia.org,Male,169.67.156.173
118,Addie,Cocks,acocks39@de.vu,Female,70.251.166.108
119,Heidi,Keepin,hkeepin3a@google.com,Female,152.56.105.185
120,Catlaina,Myers,cmyers3b@alexa.com,Female,181.11.225.101
121,Dee dee,Wastie,dwastie3c@livejournal.com,Female,144.35.154.198
122,Bradley,Rummin,brummin3d@upenn.edu,Male,177.79.213.209
123,Paige,Gillino,pgillino3e@msn.com,Male,14.12.112.180
124,Archibald,Volks,avolks3f@exblog.jp,Male,24.28.181.203
125,Tallia,Burdfield,tburdfield3g@toplist.cz,Female,51.29.187.118
126,Winthrop,Dafter,wdafter3h@vimeo.com,Male,8.207.231.11
127,Carla,Reggler,creggler3i@freewebs.com,Female,176.139.99.60
128,Brit,Seabrooke,bseabrooke3j@xing.com,Male,253.43.6.89
129,Remington,Jiricka,rjiricka3k@free.fr,Male,219.231.50.86
130,Hugibert,Losty,hlosty3l@instagram.com,Genderqueer,71.110.186.33
131,Vicky,McKilroe,vmckilroe3m@sfgate.com,Female,97.157.22.114
132,Lemmy,Domke,ldomke3n@disqus.com,Male,165.116.67.224
133,Ceciley,Tattersfield,ctattersfield3o@51.la,Female,212.132.50.190
134,Giovanni,Gowanson,ggowanson3p@ehow.com,Polygender,6.153.15.114
135,Cordell,McCorkindale,cmccorkindale3q@state.tx.us,Male,169.226.35.255
136,Chariot,Pietri,cpietri3r@cam.ac.uk,Polygender,238.171.88.239
137,Charmain,O'Breen,cobreen3s@people.com.cn,Female,24.255.255.210
138,Binky,Whitten,bwhitten3t@1und1.de,Male,106.76.123.42
139,Redd,Fontanet,rfontanet3u@mtv.com,Male,111.252.162.111
140,Fredelia,Ingreda,fingreda3v@intel.com,Female,110.213.209.7
141,Lonnard,Ganter,lganter3w@columbia.edu,Male,45.242.131.67
142,Rodina,Oury,roury3x@indiatimes.com,Female,159.216.239.170
143,Judie,Doughton,jdoughton3y@symantec.com,Female,68.179.103.147
144,Rebecca,Mitro,rmitro3z@apache.org,Female,233.160.155.255
145,Hogan,Ruddin,hruddin40@issuu.com,Male,215.60.9.213
146,Pierrette,Callacher,pcallacher41@printfriendly.com,Female,38.110.148.26
147,Cindelyn,Tebboth,ctebboth42@google.fr,Female,94.224.162.49
148,Melisenda,Isitt,misitt43@fc2.com,Female,78.48.71.42
149,Tawnya,Holliar,tholliar44@mozilla.org,Female,67.210.60.184
150,Benedict,Budleigh,bbudleigh45@4shared.com,Male,182.98.134.154
151,Kial,Diegan,kdiegan46@google.co.uk,Female,24.208.107.144
152,Bonny,Trowell,btrowell47@deviantart.com,Female,252.64.12.25
153,Berny,Makey,bmakey48@canalblog.com,Female,121.38.105.41
154,Berky,Saffrin,bsaffrin49@ca.gov,Male,92.157.115.133
155,Nilson,Housen,nhousen4a@eventbrite.com,Male,34.46.172.251
156,Sarah,Addington,saddington4b@npr.org,Female,39.155.240.89
157,Sinclare,Antao,santao4c@exblog.jp,Male,73.94.155.69
158,Arline,Vinecombe,avinecombe4d@ox.ac.uk,Female,10.252.48.223
159,Kenna,Lambrecht,klambrecht4e@tiny.cc,Female,202.229.123.57
160,Keenan,Handasyde,khandasyde4f@icq.com,Male,199.172.35.239
161,Jean,Johnsey,jjohnsey4g@cornell.edu,Female,222.212.131.181
162,Roth,Cagan,rcagan4h@newyorker.com,Male,130.140.244.197
163,Cara,Tomaskunas,ctomaskunas4i@washington.edu,Female,2.93.209.9
164,Malinda,Halhead,mhalhead4j@jigsy.com,Agender,203.131.206.108
165,Othilie,Sommerville,osommerville4k@seattletimes.com,Female,122.159.237.249
166,Hamlen,Runnacles,hrunnacles4l@ustream.tv,Non-binary,143.35.107.214
167,Willy,Mundee,wmundee4m@trellian.com,Male,204.201.222.159
168,Mitch,Usmar,musmar4n@forbes.com,Male,164.69.66.60
169,Maurine,Karlmann,mkarlmann4o@oracle.com,Female,170.106.169.45
170,Marybelle,Sly,msly4p@un.org,Female,209.50.13.66
171,Reese,Jermyn,rjermyn4q@pbs.org,Male,89.149.92.30
172,Husein,Fetherstan,hfetherstan4r@liveinternet.ru,Male,116.194.147.211
173,Mellisa,Nestoruk,mnestoruk4s@ihg.com,Bigender,124.126.203.123
174,Hershel,Merriday,hmerriday4t@guardian.co.uk,Male,235.11.91.124
175,Norene,Duthie,nduthie4u@shop-pro.jp,Agender,234.215.85.48
176,Sherye,Spatarul,sspatarul4v@state.tx.us,Female,1.186.129.34
177,Goldia,Del Checolo,gdelchecolo4w@woothemes.com,Female,132.232.90.32
178,Clemmy,Holdren,choldren4x@hibu.com,Female,204.183.231.134
179,Ozzy,Dimitresco,odimitresco4y@gravatar.com,Male,205.170.221.8
180,Jolyn,Dishman,jdishman4z@google.com.au,Female,137.144.99.131
181,Tadd,Grundey,tgrundey50@github.io,Male,15.35.119.206
182,Hanson,Mantram,hmantram51@arizona.edu,Male,183.13.143.124
183,Derry,Galero,dgalero52@ustream.tv,Male,108.46.135.126
184,Karin,Bunting,kbunting53@shop-pro.jp,Female,249.84.139.155
185,Rowland,Barrasse,rbarrasse54@typepad.com,Male,95.195.241.30
186,Peadar,Shawyer,pshawyer55@squidoo.com,Male,9.90.251.164
187,Nial,Henrych,nhenrych56@yahoo.com,Male,197.69.96.168
188,Jacenta,Syce,jsyce57@github.com,Female,234.46.135.69
189,Eugen,Leale,eleale58@hc360.com,Male,163.6.176.196
190,Nickey,Satteford,nsatteford59@thetimes.co.uk,Male,2.97.100.155
191,Darby,Hundey,dhundey5a@pbs.org,Male,28.181.186.99
192,Garner,Dunrige,gdunrige5b@bandcamp.com,Male,157.167.153.162
193,Husain,Burdge,hburdge5c@live.com,Male,173.191.237.69
194,Babara,Morphet,bmorphet5d@amazon.de,Female,81.116.249.119
195,Durand,Kirsche,dkirsche5e@livejournal.com,Male,148.88.33.245
196,Tomasine,Pancast,tpancast5f@t.co,Female,195.2.71.86
197,Farlee,Gaunson,fgaunson5g@independent.co.uk,Male,121.217.214.206
198,Florence,Kears,fkears5h@fc2.com,Female,17.159.57.21
199,Maxi,Ducker,mducker5i@prnewswire.com,Female,155.214.225.107
200,Vaclav,Jeandon,vjeandon5j@photobucket.com,Male,103.142.203.69
201,Auguste,Tribe,atribe5k@rakuten.co.jp,Female,177.29.8.98
202,Darlene,Lamyman,dlamyman5l@bluehost.com,Female,66.82.3.234
203,Ollie,Spybey,ospybey5m@joomla.org,Male,119.204.189.124
204,Salmon,Van Brug,svanbrug5n@discovery.com,Male,186.29.186.141
205,Hetty,Cunningham,hcunningham5o@posterous.com,Female,142.222.228.36
206,Jeannine,Curl,jcurl5p@house.gov,Female,244.78.45.238
207,Wainwright,Padrick,wpadrick5q@weebly.com,Male,77.31.36.254
208,Delbert,Sterman,dsterman5r@ucla.edu,Male,187.231.254.120
209,Gallard,Corragan,gcorragan5s@slashdot.org,Agender,64.52.234.5
210,Katrinka,Leeds,kleeds5t@blogspot.com,Female,175.240.135.147
211,Martelle,Burnet,mburnet5u@springer.com,Female,183.131.68.147
212,Isabelita,von Grollmann,ivongrollmann5v@histats.com,Genderfluid,126.141.210.39
213,Prissie,Paniman,ppaniman5w@zdnet.com,Female,104.244.190.151
214,Jessamyn,Van der Kruys,jvanderkruys5x@samsung.com,Female,142.94.193.148
215,Eugene,Nuscha,enuscha5y@4shared.com,Polygender,99.156.227.54
216,Sonny,Hurran,shurran5z@cloudflare.com,Male,195.224.177.6
217,Viv,Revel,vrevel60@loc.gov,Female,254.20.114.45
218,Alfi,Dodshon,adodshon61@linkedin.com,Genderqueer,76.87.201.115
219,Demetre,Curtin,dcurtin62@plala.or.jp,Male,114.86.250.180
220,Kristy,Yushin,kyushin63@oaic.gov.au,Female,130.69.239.220
221,Jillayne,Archdeacon,jarchdeacon64@virginia.edu,Female,39.81.17.44
222,Michelle,Clapton,mclapton65@elpais.com,Female,108.178.66.79
223,Kincaid,Eim,keim66@nasa.gov,Male,180.138.124.114
224,Willetta,Van den Oord,wvandenoord67@toplist.cz,Female,61.182.7.81
225,Horace,Braffington,hbraffington68@huffingtonpost.com,Male,197.145.19.166
226,Corey,MacCombe,cmaccombe69@whitehouse.gov,Female,215.121.213.168
227,Yancy,Haggar,yhaggar6a@dagondesign.com,Male,206.2.67.101
228,Katti,Bruins,kbruins6b@kickstarter.com,Female,18.82.21.119
229,Benetta,Saunders,bsaunders6c@usda.gov,Female,139.228.191.33
230,Wittie,Juppe,wjuppe6d@ehow.com,Agender,224.238.115.221
231,Beck,Mordanti,bmordanti6e@ocn.ne.jp,Non-binary,37.235.187.215
232,Ranique,O' Meara,romeara6f@goo.ne.jp,Female,209.139.45.233
233,Keelby,Roughan,kroughan6g@squidoo.com,Male,131.155.248.43
234,Joela,Lightfoot,jlightfoot6h@sogou.com,Female,78.115.104.169
235,Bank,Dutnell,bdutnell6i@wikia.com,Male,215.105.172.125
236,Bathsheba,Diboll,bdiboll6j@wix.com,Female,134.182.29.25
237,Beniamino,Trethowan,btrethowan6k@cocolog-nifty.com,Genderfluid,31.242.99.210
238,Mariann,Wanka,mwanka6l@dion.ne.jp,Female,89.174.54.56
239,Shelbi,Morrallee,smorrallee6m@dailymotion.com,Female,73.240.63.163
240,Theressa,Neylon,tneylon6n@bloomberg.com,Polygender,66.161.208.145
241,Sharl,Tethcote,stethcote6o@mysql.com,Female,82.217.137.114
242,Shanon,Bellew,sbellew6p@google.com.hk,Female,244.18.10.65
243,Carroll,Hugett,chugett6q@friendfeed.com,Male,97.239.207.60
244,Lynn,Mantz,lmantz6r@pcworld.com,Genderfluid,95.68.58.227
245,Ric,Messer,rmesser6s@unblog.fr,Male,243.33.154.108
246,Ringo,Bartolijn,rbartolijn6t@elegantthemes.com,Male,244.131.49.145
247,Fancy,Edden,fedden6u@skype.com,Female,209.94.166.185
248,Sarge,Leslie,sleslie6v@mayoclinic.com,Male,196.155.106.245
249,Retha,Halliburton,rhalliburton6w@51.la,Female,74.177.200.237
250,Lombard,Handrick,lhandrick6x@posterous.com,Male,218.94.241.101
251,Eliot,McClements,emcclements6y@globo.com,Male,11.107.187.22
252,Jacklyn,Meakin,jmeakin6z@google.fr,Female,205.199.112.147
253,Kelci,Lynam,klynam70@chron.com,Genderfluid,197.98.143.12
254,Lonnard,Roblin,lroblin71@seattletimes.com,Male,29.146.191.134
255,Remus,Andrioletti,randrioletti72@ask.com,Male,65.61.87.4
256,Brittne,MacQuist,bmacquist73@who.int,Female,198.44.85.193
257,Marissa,Kempster,mkempster74@soup.io,Female,10.166.89.90
258,Rick,Fessby,rfessby75@jigsy.com,Male,27.26.184.142
259,Jock,Startin,jstartin76@51.la,Male,188.87.9.117
260,Buddy,McCullogh,bmccullogh77@reuters.com,Male,137.7.140.16
261,Jim,Bonham,jbonham78@omniture.com,Male,242.192.151.196
262,Alastair,Ivkovic,aivkovic79@virginia.edu,Male,137.192.65.154
263,Gisela,Macro,gmacro7a@marriott.com,Female,209.65.69.112
264,Gerald,Gorger,ggorger7b@ihg.com,Male,222.205.96.219
265,Flin,Smithson,fsmithson7c@mit.edu,Male,202.178.216.33
266,Vikky,Marcoolyn,vmarcoolyn7d@facebook.com,Female,213.115.201.112
267,Celle,Bonds,cbonds7e@delicious.com,Female,212.43.134.198
268,Wylma,Burgyn,wburgyn7f@wordpress.com,Female,238.109.163.24
269,Phelia,Malan,pmalan7g@geocities.jp,Female,17.185.191.217
270,Shannah,Shury,sshury7h@businesswire.com,Female,219.105.39.97
271,Abagael,Swendell,aswendell7i@histats.com,Female,146.196.200.178
272,Brian,Spitaro,bspitaro7j@sogou.com,Male,125.174.153.141
273,Neil,Dart,ndart7k@irs.gov,Male,246.190.69.41
274,Brockie,Garwell,bgarwell7l@yolasite.com,Male,106.200.36.13
275,Averyl,Pymar,apymar7m@diigo.com,Female,199.37.124.254
276,Taite,Wyper,twyper7n@geocities.com,Male,223.244.192.226
277,Amil,Ilyinykh,ailyinykh7o@hostgator.com,Female,89.79.88.141
278,Harris,Kersaw,hkersaw7p@bandcamp.com,Male,55.104.221.11
279,Kat,Purshouse,kpurshouse7q@techcrunch.com,Female,9.82.112.247
280,Dalila,Jedrzejewski,djedrzejewski7r@lycos.com,Female,218.167.166.46
281,Jeffry,Huggan,jhuggan7s@patch.com,Male,187.185.95.228
282,Johnna,Sute,jsute7t@youtu.be,Female,151.101.64.203
283,Rayner,Blondel,rblondel7u@opera.com,Male,0.91.216.216
284,Ruth,Bliss,rbliss7v@geocities.com,Female,137.187.214.220
285,Dian,O'Rourke,dorourke7w@home.pl,Female,24.153.80.10
286,Callie,Kun,ckun7x@jigsy.com,Female,186.243.4.6
287,Bret,Tomkins,btomkins7y@aboutads.info,Male,66.234.63.136
288,Sallyanne,Farquarson,sfarquarson7z@google.es,Female,189.129.62.31
289,Rhiamon,Beastall,rbeastall80@google.fr,Female,191.97.250.72
290,Morganica,Chatt,mchatt81@washingtonpost.com,Female,46.237.141.93
291,Joshua,Cathel,jcathel82@si.edu,Male,7.182.14.152
292,Gabby,Janczewski,gjanczewski83@amazon.co.uk,Male,254.227.204.203
293,Tiler,Rate,trate84@typepad.com,Male,103.192.179.250
294,Kizzee,Wallage,kwallage85@buzzfeed.com,Female,125.126.232.142
295,Ced,Leishman,cleishman86@comsenz.com,Male,213.196.250.172
296,Koralle,Brownbridge,kbrownbridge87@tripod.com,Female,148.71.52.215
297,Ignaz,Morriarty,imorriarty88@printfriendly.com,Male,99.3.183.45
298,Krystyna,Goodall,kgoodall89@archive.org,Female,66.174.226.156
299,Delores,Marcussen,dmarcussen8a@seesaa.net,Female,11.27.103.13
300,Kailey,Voaden,kvoaden8b@elpais.com,Female,164.31.131.212
301,Leif,Witsey,lwitsey8c@joomla.org,Male,92.215.53.26
302,Errick,Arnley,earnley8d@csmonitor.com,Male,126.143.69.3
303,Angus,Machan,amachan8e@harvard.edu,Genderqueer,26.12.110.117
304,Rick,Iacovolo,riacovolo8f@admin.ch,Male,62.152.238.209
305,Stanislaw,Muxworthy,smuxworthy8g@gravatar.com,Male,116.77.64.144
306,Audre,Lanfere,alanfere8h@abc.net.au,Female,215.247.10.241
307,Finn,Roath,froath8i@cnet.com,Male,115.182.169.245
308,Andrus,Simmig,asimmig8j@tumblr.com,Agender,137.8.54.13
309,Tommi,Barents,tbarents8k@deliciousdays.com,Female,129.83.41.182
310,Terza,Cristofori,tcristofori8l@ovh.net,Female,194.245.156.6
311,Orsa,Staite,ostaite8m@columbia.edu,Female,12.92.152.33
312,Carley,Simone,csimone8n@feedburner.com,Female,160.249.208.140
313,Filide,Lawful,flawful8o@home.pl,Female,54.204.94.53
314,Pascale,Jellings,pjellings8p@berkeley.edu,Male,89.54.71.244
315,Marley,Pechold,mpechold8q@youku.com,Female,233.104.63.82
316,Maude,Jozef,mjozef8r@hibu.com,Female,33.104.172.160
317,Hall,Kubicki,hkubicki8s@facebook.com,Male,198.218.214.53
318,Pete,Hanes,phanes8t@last.fm,Male,35.133.150.214
319,Vic,Gadney,vgadney8u@soundcloud.com,Male,58.173.97.130
320,Regan,Rutland,rrutland8v@feedburner.com,Male,102.149.237.236
321,Page,Rutherfoord,prutherfoord8w@omniture.com,Female,2.90.58.205
322,Branden,Roache,broache8x@guardian.co.uk,Male,19.7.3.17
323,Stefan,Capelen,scapelen8y@infoseek.co.jp,Male,89.93.54.68
324,Murdock,Lowings,mlowings8z@blogs.com,Male,196.89.120.163
325,Ray,Luck,rluck90@seesaa.net,Female,134.40.180.78
326,Shel,Halwood,shalwood91@desdev.cn,Female,20.202.104.15
327,Nicolais,Bony,nbony92@utexas.edu,Male,131.237.22.127
328,Kellsie,Lomaz,klomaz93@fda.gov,Female,44.127.92.110
329,Nicko,Casiero,ncasiero94@newsvine.com,Male,74.90.216.100
330,Ches,Brass,cbrass95@pbs.org,Male,55.237.190.136
331,Flin,Riggs,friggs96@ibm.com,Male,167.53.25.6
332,Elene,Wigmore,ewigmore97@ucsd.edu,Female,127.125.20.147
333,Krystle,Leftbridge,kleftbridge98@jiathis.com,Female,236.95.1.118
334,Osborne,Pottberry,opottberry99@typepad.com,Male,157.32.62.186
335,Basil,Azema,bazema9a@mozilla.com,Male,93.200.243.18
336,Kandy,Mintoff,kmintoff9b@sciencedaily.com,Female,128.174.10.123
337,Toddie,Knight,tknight9c@about.com,Male,164.239.11.197
338,Sholom,Bachman,sbachman9d@sciencedaily.com,Male,157.134.131.92
339,Edgardo,McCome,emccome9e@infoseek.co.jp,Male,67.178.236.66
340,Essie,Clout,eclout9f@seesaa.net,Agender,186.233.24.110
341,Gussi,Sivill,gsivill9g@mlb.com,Female,16.172.223.100
342,Marlo,Pretorius,mpretorius9h@cbc.ca,Female,3.185.70.66
343,Vere,Tweedie,vtweedie9i@forbes.com,Female,173.120.141.13
344,Alec,Mewis,amewis9j@usatoday.com,Male,251.107.185.61
345,Eward,Schonfeld,eschonfeld9k@hao123.com,Male,168.135.104.5
346,Fidela,Ellicott,fellicott9l@artisteer.com,Female,14.134.198.38
347,Annmarie,Phipard-Shears,aphipardshears9m@g.co,Female,65.215.191.226
348,Madelene,McKeating,mmckeating9n@alexa.com,Female,236.220.100.231
349,Briant,Clowser,bclowser9o@google.ca,Male,102.12.13.91
350,Rabbi,Petrovykh,rpetrovykh9p@yale.edu,Male,69.240.10.220
351,Burt,Sloss,bsloss9q@paypal.com,Male,98.221.134.141
352,Maury,Cridland,mcridland9r@si.edu,Male,135.56.41.7
353,Kelsey,Beardshall,kbeardshall9s@imageshack.us,Male,157.2.80.129
354,Vern,Harpin,vharpin9t@amazon.de,Male,168.90.127.69
355,Ania,Kerner,akerner9u@eventbrite.com,Female,65.144.126.207
356,Hanny,Wyett,hwyett9v@wikimedia.org,Female,24.56.81.186
357,Sissy,Warrender,swarrender9w@blogger.com,Female,103.96.50.162
358,Purcell,Worlock,pworlock9x@amazon.co.jp,Male,27.139.250.217
359,Lukas,Healeas,lhealeas9y@quantcast.com,Male,118.33.136.64
360,Dulce,Halpin,dhalpin9z@bbb.org,Female,178.118.201.227
361,Holly,Hinder,hhindera0@ovh.net,Male,248.159.177.154
362,Casey,Cordon,ccordona1@cam.ac.uk,Female,215.51.120.78
363,Humbert,Leavey,hleaveya2@gnu.org,Male,179.108.203.198
364,Edy,Guilloud,eguillouda3@bizjournals.com,Female,186.41.137.104
365,Tess,McNysche,tmcnyschea4@sourceforge.net,Female,91.61.194.1
366,Rene,Gallone,rgallonea5@slideshare.net,Male,172.189.202.165
367,Rudolf,Scragg,rscragga6@accuweather.com,Male,173.233.217.57
368,Averell,Dorkens,adorkensa7@wunderground.com,Male,162.222.219.106
369,Anatollo,Morilla,amorillaa8@soup.io,Male,72.48.87.141
370,Coralie,Virgoe,cvirgoea9@ucoz.ru,Female,130.22.158.167
371,Arch,Readie,areadieaa@house.gov,Male,187.198.183.173
372,Ailbert,Stot,astotab@msn.com,Male,70.191.96.161
373,Alasteir,Proswell,aproswellac@1und1.de,Male,82.166.185.168
374,Tedd,Dransfield,tdransfieldad@uiuc.edu,Male,44.13.195.103
375,Tiebold,Jiran,tjiranae@myspace.com,Male,78.171.222.118
376,Muffin,Coggins,mcogginsaf@google.ca,Female,181.173.121.255
377,Hope,Van Oort,hvanoortag@xrea.com,Female,174.137.227.162
378,Belita,Morrell,bmorrellah@google.cn,Female,51.58.224.66
379,Eulalie,MacCallion,emaccallionai@infoseek.co.jp,Female,132.146.22.12
380,Dani,Mulberry,dmulberryaj@w3.org,Bigender,115.241.169.211
381,Kippar,Boaler,kboalerak@quantcast.com,Bigender,28.2.161.91
382,Alfonso,Dashwood,adashwoodal@yellowpages.com,Male,22.89.25.87
383,Brnaby,Wesley,bwesleyam@rambler.ru,Male,165.67.147.204
384,Doll,Van Zon,dvanzonan@e-recht24.de,Female,143.149.176.65
385,Kenyon,Tancock,ktancockao@timesonline.co.uk,Male,65.57.246.81
386,Lenette,Gowthorpe,lgowthorpeap@theglobeandmail.com,Bigender,103.122.2.245
387,Knox,Gontier,kgontieraq@miitbeian.gov.cn,Male,58.15.115.121
388,Garfield,Andrez,gandrezar@t-online.de,Male,23.232.154.139
389,Van,MacCall,vmaccallas@wunderground.com,Female,101.218.94.29
390,Nicolais,Leadstone,nleadstoneat@java.com,Male,187.240.25.121
391,Oates,Summerell,osummerellau@reuters.com,Male,134.56.114.220
392,Nickolaus,Spowage,nspowageav@tamu.edu,Male,72.84.82.246
393,Meredith,Tipling,mtiplingaw@dmoz.org,Female,62.183.249.255
394,Deina,Deathridge,ddeathridgeax@about.com,Bigender,94.188.103.241
395,Yvon,Antill,yantillay@ox.ac.uk,Male,196.66.84.164
396,Felicle,Gaffon,fgaffonaz@bloomberg.com,Female,181.41.28.188
397,Gregory,Foggarty,gfoggartyb0@angelfire.com,Male,67.128.44.69
398,Sonja,Boyce,sboyceb1@slashdot.org,Female,163.129.196.155
399,Kerwin,Adriano,kadrianob2@altervista.org,Male,64.121.18.99
400,Anders,Doleman,adolemanb3@example.com,Male,254.240.127.86
401,Amelita,Tierny,atiernyb4@ibm.com,Bigender,82.171.237.79
402,Von,Barrington,vbarringtonb5@trellian.com,Genderqueer,123.238.133.209
403,Adi,Bridger,abridgerb6@sfgate.com,Female,181.184.236.223
404,Lee,Yitzhok,lyitzhokb7@comsenz.com,Male,43.235.222.254
405,Davey,Libbis,dlibbisb8@bravesites.com,Male,193.27.180.39
406,Koral,Tart,ktartb9@hexun.com,Female,30.131.200.11
407,Adrien,Fearneley,afearneleyba@usatoday.com,Male,201.58.43.129
408,Lezlie,Semper,lsemperbb@nps.gov,Female,226.193.179.60
409,Rhona,Jepperson,rjeppersonbc@delicious.com,Genderqueer,165.248.246.20
410,Ashlee,Sanpere,asanperebd@is.gd,Female,217.167.144.93
411,Dael,Kepling,dkeplingbe@last.fm,Male,211.12.137.203
412,Towny,Bremner,tbremnerbf@meetup.com,Agender,182.147.41.203
413,Inna,Sobczak,isobczakbg@posterous.com,Female,12.42.229.151
414,Devinne,Volkes,dvolkesbh@sciencedirect.com,Female,91.99.100.108
415,Renato,Lalonde,rlalondebi@tinypic.com,Male,43.172.179.163
416,Nigel,Boyfield,nboyfieldbj@cbslocal.com,Male,44.51.208.123
417,Bartholemy,Withrington,bwithringtonbk@cpanel.net,Male,81.134.216.95
418,Moses,Barlow,mbarlowbl@ted.com,Male,33.5.15.170
419,Davey,Derrell,dderrellbm@twitpic.com,Male,212.18.157.149
420,Jenine,Laurentino,jlaurentinobn@gov.uk,Female,250.118.90.71
421,Odetta,Gearty,ogeartybo@shareasale.com,Female,12.119.49.253
422,Beaufort,Slides,bslidesbp@aboutads.info,Male,99.99.27.228
423,Trumaine,Gosalvez,tgosalvezbq@apache.org,Male,119.193.108.16
424,Anett,Daykin,adaykinbr@youtube.com,Female,146.209.98.172
425,Asher,Mariyushkin,amariyushkinbs@pbs.org,Polygender,158.225.83.215
426,Ashley,Glabach,aglabachbt@de.vu,Male,157.81.222.187
427,Donny,Donoher,ddonoherbu@ft.com,Male,172.133.165.140
428,Piggy,Khristoforov,pkhristoforovbv@examiner.com,Male,6.209.171.104
429,Hayward,Sackett,hsackettbw@psu.edu,Male,76.126.47.121
430,Hannah,Brandone,hbrandonebx@sohu.com,Female,221.54.204.4
431,Abigail,Scarre,ascarreby@github.io,Female,69.182.200.248
432,Kynthia,Pickerell,kpickerellbz@bloglovin.com,Female,80.67.62.244
433,Brooke,Marnane,bmarnanec0@arizona.edu,Female,165.64.83.112
434,Heinrick,Twinborne,htwinbornec1@wufoo.com,Bigender,6.98.165.207
435,Shaw,Lauga,slaugac2@adobe.com,Male,220.97.78.125
436,Val,Manifield,vmanifieldc3@amazonaws.com,Male,124.0.116.159
437,Pete,Flea,pfleac4@upenn.edu,Male,169.157.42.20
438,Eda,Lorenzo,elorenzoc5@sohu.com,Female,2.236.90.29
439,Pincas,Kerins,pkerinsc6@huffingtonpost.com,Male,145.153.13.208
440,Sharia,McLuckie,smcluckiec7@wikispaces.com,Female,47.206.16.156
441,Blanca,Lathy,blathyc8@amazon.com,Female,36.247.252.252
442,Benoit,Bubeer,bbubeerc9@upenn.edu,Male,81.88.164.204
443,Vaclav,Watkin,vwatkinca@4shared.com,Male,238.83.150.155
444,Michelle,Heliot,mheliotcb@alexa.com,Female,196.222.145.68
445,Lutero,Deluca,ldelucacc@xing.com,Male,63.20.110.212
446,Erie,Gillam,egillamcd@cargocollective.com,Male,137.139.86.246
447,Doris,Storie,dstoriece@seattletimes.com,Female,206.176.113.68
448,Elroy,Bagniuk,ebagniukcf@nytimes.com,Male,104.127.253.0
449,Olag,Labb,olabbcg@indiatimes.com,Male,18.202.126.59
450,Brittan,Vannoort,bvannoortch@go.com,Female,238.54.56.226
451,Emile,Harber,eharberci@youku.com,Male,21.122.199.208
452,Gayelord,Wakeford,gwakefordcj@woothemes.com,Male,0.221.225.220
453,Alva,McLagan,amclaganck@surveymonkey.com,Male,231.130.68.56
454,Temple,Bowring,tbowringcl@cdc.gov,Male,88.14.205.112
455,Kellen,Garrick,kgarrickcm@amazon.co.jp,Female,189.64.109.106
456,Felic,Palumbo,fpalumbocn@cam.ac.uk,Male,29.123.124.141
457,Alvina,Kores,akoresco@ow.ly,Female,198.190.24.98
458,Corbett,Sams,csamscp@huffingtonpost.com,Male,15.52.229.252
459,Mei,Marcroft,mmarcroftcq@slate.com,Female,159.165.159.226
460,Elna,Pagon,epagoncr@pagesperso-orange.fr,Female,62.187.217.28
461,Lesly,Lunn,llunncs@census.gov,Female,18.134.70.188
462,Laurella,Acock,lacockct@tiny.cc,Female,99.94.193.105
463,Gratiana,Lambie,glambiecu@tripadvisor.com,Female,12.190.187.49
464,Liuka,Cottell,lcottellcv@booking.com,Female,177.20.142.36
465,Inger,Vanini,ivaninicw@amazon.com,Agender,99.7.35.236
466,Gerianne,Cann,gcanncx@weebly.com,Female,69.6.54.149
467,Ivory,Gut,igutcy@hhs.gov,Genderqueer,101.27.15.204
468,Margit,Water,mwatercz@engadget.com,Bigender,7.60.31.109
469,Kendrick,Catton,kcattond0@bbc.co.uk,Male,235.210.85.138
470,Babita,Jordine,bjordined1@google.com.hk,Female,250.143.215.14
471,Lemmie,Wicher,lwicherd2@a8.net,Polygender,139.127.181.73
472,Kessiah,Salandino,ksalandinod3@bbb.org,Female,222.39.10.3
473,Malissia,Hoxey,mhoxeyd4@behance.net,Female,2.172.0.203
474,Thadeus,Vinick,tvinickd5@blogspot.com,Male,41.112.250.160
475,Megen,Zannotelli,mzannotellid6@nifty.com,Female,134.0.192.156
476,Jamie,Lovering,jloveringd7@so-net.ne.jp,Female,40.109.110.60
477,Logan,Thickens,lthickensd8@com.com,Male,209.92.192.177
478,Hailee,Aleksandrikin,haleksandrikind9@sohu.com,Female,94.70.232.69
479,Conn,Feitosa,cfeitosada@arizona.edu,Genderqueer,195.202.220.204
480,Aldric,Casperri,acasperridb@hhs.gov,Male,37.198.66.134
481,Ede,Pennells,epennellsdc@loc.gov,Female,147.216.199.215
482,Currie,Spours,cspoursdd@mashable.com,Male,34.220.122.172
483,Babbette,Castanaga,bcastanagade@feedburner.com,Female,149.69.125.27
484,Chalmers,Uttley,cuttleydf@google.com.hk,Male,180.66.108.43
485,Hildegarde,Whieldon,hwhieldondg@tmall.com,Female,150.244.242.183
486,Mavis,Pippard,mpipparddh@elegantthemes.com,Female,26.241.48.45
487,Carleen,Overshott,covershottdi@google.cn,Female,94.64.71.108
488,Omar,McLardie,omclardiedj@scribd.com,Male,203.217.102.28
489,Malcolm,Parzizek,mparzizekdk@xrea.com,Male,136.193.234.131
490,Taylor,Gatley,tgatleydl@who.int,Male,168.201.220.25
491,Matteo,Radwell,mradwelldm@nih.gov,Male,140.230.44.187
492,Kerrill,Titlow,ktitlowdn@cocolog-nifty.com,Female,203.1.64.13
493,Adiana,Howes,ahowesdo@behance.net,Female,252.247.125.249
494,Kerry,Torricina,ktorricinadp@google.de,Female,29.71.67.55
495,Rois,Camus,rcamusdq@shareasale.com,Female,229.140.105.112
496,Nevin,Ingon,ningondr@hatena.ne.jp,Male,194.86.81.235
497,Kristina,Rylett,krylettds@narod.ru,Female,133.201.182.158
498,Laney,Skewis,lskewisdt@wix.com,Female,214.7.183.81
499,Willdon,Knocker,wknockerdu@flavors.me,Non-binary,156.251.79.8
500,Gerladina,Febry,gfebrydv@gnu.org,Female,63.147.47.240
501,Ermengarde,Poff,epoffdw@home.pl,Female,71.197.89.21
502,Jane,Codman,jcodmandx@com.com,Female,121.59.34.80
503,Valentin,Vase,vvasedy@skype.com,Male,180.154.244.70
504,Shelley,Twiddy,stwiddydz@t-online.de,Male,150.11.94.134
505,Serena,Churm,schurme0@theguardian.com,Female,197.112.20.109
506,Bea,Ounsworth,bounsworthe1@sciencedaily.com,Female,197.132.247.77
507,Wilt,Pencost,wpencoste2@exblog.jp,Male,228.64.183.80
508,Ibrahim,Duberry,iduberrye3@examiner.com,Male,96.22.24.168
509,Lowe,Ludford,lludforde4@prlog.org,Male,159.226.145.58
510,Wye,Lanmeid,wlanmeide5@moonfruit.com,Male,225.212.120.109
511,Joshuah,Gehrts,jgehrtse6@php.net,Male,133.221.60.33
512,Nickola,Leynagh,nleynaghe7@xing.com,Male,243.147.84.181
513,Shanon,Andreia,sandreiae8@comcast.net,Female,106.165.119.196
514,Skippy,Flockhart,sflockharte9@unicef.org,Male,64.190.86.167
515,Leo,Lampbrecht,llampbrechtea@globo.com,Male,139.130.161.103
516,Rriocard,Willmott,rwillmotteb@vkontakte.ru,Male,247.37.117.209
517,Wilona,Troy,wtroyec@cpanel.net,Female,165.84.137.244
518,Maggi,Kippins,mkippinsed@soup.io,Female,60.144.130.86
519,Olivier,Dowsing,odowsingee@indiegogo.com,Male,114.244.135.165
520,Odille,Carme,ocarmeef@ft.com,Female,60.200.234.9
521,Tani,Porker,tporkereg@meetup.com,Female,198.244.40.3
522,Gun,Petrescu,gpetrescueh@nifty.com,Male,60.52.171.93
523,Vina,Huelin,vhuelinei@dmoz.org,Female,133.212.80.57
524,Flossie,Duckworth,fduckworthej@sfgate.com,Female,77.204.139.251
525,Tersina,Baumadier,tbaumadierek@list-manage.com,Female,5.145.159.132
526,Cahra,Hatwell,chatwellel@creativecommons.org,Female,204.48.12.115
527,Darya,Jaime,djaimeem@dedecms.com,Female,185.60.11.238
528,Emery,O'Duilleain,eoduilleainen@noaa.gov,Male,204.107.34.240
529,Sterling,Gorrie,sgorrieeo@reddit.com,Bigender,146.33.203.165
530,Camel,McLuckie,cmcluckieep@intel.com,Female,181.56.12.49
531,Lucius,Moreside,lmoresideeq@squarespace.com,Male,253.85.165.159
532,Ode,Unwin,ounwiner@yahoo.co.jp,Male,244.14.40.12
533,Cassius,Playle,cplaylees@columbia.edu,Male,172.151.51.150
534,Lacy,Passingham,lpassinghamet@t-online.de,Female,175.213.81.175
535,Denys,Lanfranconi,dlanfranconieu@storify.com,Male,60.39.48.118
536,Silvain,Mazzey,smazzeyev@senate.gov,Male,58.171.146.232
537,Renaldo,Debow,rdebowew@dailymotion.com,Male,92.173.147.164
538,Kati,Kneal,kknealex@tmall.com,Female,78.224.112.57
539,Jerrome,Souza,jsouzaey@time.com,Male,5.59.166.31
540,Joe,Croxon,jcroxonez@purevolume.com,Male,252.124.171.113
541,Samson,Nodes,snodesf0@phpbb.com,Male,4.168.133.103
542,Ruggiero,Tander,rtanderf1@sina.com.cn,Male,86.170.73.217
543,Kennett,Gladdor,kgladdorf2@google.it,Male,114.1.142.225
544,Daphene,Savill,dsavillf3@spotify.com,Female,162.164.33.35
545,Dorene,Theaker,dtheakerf4@marketwatch.com,Female,41.166.20.39
546,Kaitlyn,Matschoss,kmatschossf5@hc360.com,Female,29.55.111.11
547,Samuel,Dradey,sdradeyf6@pagesperso-orange.fr,Male,206.39.195.42
548,Wait,Najera,wnajeraf7@ed.gov,Male,167.133.78.16
549,Deanna,Chisman,dchismanf8@jiathis.com,Female,25.148.68.182
550,Leta,Kibbey,lkibbeyf9@reverbnation.com,Female,144.50.35.234
551,Maggi,Feechan,mfeechanfa@vistaprint.com,Female,198.36.202.111
552,Prescott,Mylechreest,pmylechreestfb@squarespace.com,Male,114.151.110.221
553,Isabelita,Bicknell,ibicknellfc@weibo.com,Female,239.178.213.100
554,Stephie,Glading,sgladingfd@altervista.org,Female,167.141.114.62
555,Doreen,Gorner,dgornerfe@cdc.gov,Female,246.202.97.101
556,Yardley,Gonnin,ygonninff@businessweek.com,Genderqueer,91.40.24.153
557,Arny,Grisard,agrisardfg@imdb.com,Male,224.246.126.66
558,Stephen,Bernardet,sbernardetfh@mediafire.com,Male,233.175.191.135
559,Michale,Mailey,mmaileyfi@ca.gov,Male,102.26.208.151
560,Whitney,Scrauniage,wscrauniagefj@ezinearticles.com,Male,83.173.89.140
561,Kelley,Sparry,ksparryfk@surveymonkey.com,Male,52.165.180.133
562,Tawsha,Allso,tallsofl@free.fr,Female,216.11.165.173
563,Abe,Cowerd,acowerdfm@ask.com,Male,8.209.230.27
564,Veronica,Cristoforo,vcristoforofn@seesaa.net,Female,152.218.214.198
565,Kelwin,Labbe,klabbefo@e-recht24.de,Male,209.206.87.141
566,Kin,Burree,kburreefp@typepad.com,Male,226.75.227.171
567,Brant,Pringour,bpringourfq@va.gov,Male,143.231.60.234
568,Phebe,Bedow,pbedowfr@businesswire.com,Female,102.87.111.13
569,Guss,Kaasman,gkaasmanfs@altervista.org,Male,7.111.185.69
570,Tarrance,Standage,tstandageft@npr.org,Male,74.1.144.88
571,Georgena,Fiske,gfiskefu@europa.eu,Female,96.10.0.70
572,Perkin,Kift,pkiftfv@godaddy.com,Male,120.215.117.170
573,Simone,Sibbe,ssibbefw@amazon.co.uk,Male,251.131.72.210
574,Claude,Lapere,claperefx@blogger.com,Female,223.106.115.121
575,Melvin,Dowtry,mdowtryfy@webs.com,Male,237.70.177.193
576,Simeon,Ricart,sricartfz@bbb.org,Male,34.124.34.10
577,Baldwin,Jealous,bjealousg0@discovery.com,Male,24.254.104.161
578,Benito,Mardlin,bmardling1@hp.com,Male,92.214.167.247
579,Jarret,Friedman,jfriedmang2@ask.com,Male,241.146.143.39
580,Odelia,Maydwell,omaydwellg3@bloomberg.com,Female,245.63.107.159
581,Jeanne,Gauntley,jgauntleyg4@webnode.com,Female,129.31.205.145
582,Skye,Laborda,slabordag5@adobe.com,Male,28.120.48.19
583,Selestina,Juan,sjuang6@yandex.ru,Female,131.3.147.132
584,Raychel,Tinkham,rtinkhamg7@instagram.com,Female,62.111.205.36
585,Helenka,Bransgrove,hbransgroveg8@tripod.com,Female,218.75.46.1
586,Sapphira,Burbury,sburburyg9@huffingtonpost.com,Female,223.153.49.235
587,Henderson,Ricket,hricketga@youtu.be,Male,105.107.74.68
588,Kathlin,Jerke,kjerkegb@amazon.co.jp,Female,188.216.207.218
589,Cara,Gemelli,cgemelligc@w3.org,Female,56.26.19.14
590,Delbert,Spellworth,dspellworthgd@spotify.com,Male,121.0.227.106
591,Waylin,Martignoni,wmartignonige@wsj.com,Male,122.34.231.188
592,Allys,Seawell,aseawellgf@tripod.com,Female,18.249.2.194
593,Webb,Haslen,whaslengg@dell.com,Male,176.82.81.245
594,Iver,Delbergue,idelberguegh@mozilla.com,Male,85.204.79.208
595,Loise,Limbourne,llimbournegi@dailymail.co.uk,Female,126.208.169.103
596,Danielle,Wurst,dwurstgj@friendfeed.com,Female,117.192.58.83
597,Web,Brittoner,wbrittonergk@shop-pro.jp,Male,12.186.101.52
598,Fleur,Kitchen,fkitchengl@1688.com,Female,188.77.99.137
599,Jayson,Swalwel,jswalwelgm@imgur.com,Male,43.113.61.253
600,Mae,Galland,mgallandgn@dell.com,Female,143.217.76.110
601,Domini,Pointing,dpointinggo@webnode.com,Female,3.37.232.141
602,Araldo,Uwins,auwinsgp@census.gov,Male,161.98.75.198
603,Codi,Sloper,cslopergq@issuu.com,Male,95.48.92.101
604,Kiele,Babb,kbabbgr@ycombinator.com,Female,7.149.10.157
605,Diarmid,Ailmer,dailmergs@xrea.com,Male,28.247.145.49
606,Ezra,Micka,emickagt@mozilla.com,Bigender,40.101.242.64
607,Jasun,Maddick,jmaddickgu@photobucket.com,Male,245.227.167.144
608,Welsh,MacGaffey,wmacgaffeygv@kickstarter.com,Male,13.53.184.186
609,Sherman,Medmore,smedmoregw@trellian.com,Male,80.140.176.176
610,Ignazio,Arndt,iarndtgx@stumbleupon.com,Male,120.118.103.186
611,Thornie,Bathow,tbathowgy@amazon.co.uk,Male,250.3.143.27
612,Shea,Trownson,strownsongz@topsy.com,Male,246.121.199.97
613,Kristofer,MacKimm,kmackimmh0@desdev.cn,Male,181.68.84.249
614,Marchall,Helbeck,mhelbeckh1@drupal.org,Male,36.156.214.66
615,Cookie,Wearden,cweardenh2@ucoz.com,Female,46.213.0.23
616,Araldo,Vereker,averekerh3@unicef.org,Male,74.240.243.148
617,Aurie,Scorey,ascoreyh4@cornell.edu,Female,11.150.239.171
618,Devina,Bromwich,dbromwichh5@reference.com,Female,231.65.217.38
619,Cherianne,Haccleton,chaccletonh6@nsw.gov.au,Female,5.22.116.200
620,Anestassia,Greenrde,agreenrdeh7@mlb.com,Female,227.53.179.194
621,Odele,Epton,oeptonh8@tuttocitta.it,Female,65.211.65.219
622,Callie,Trippett,ctrippetth9@ucoz.com,Female,222.178.232.164
623,Trey,Fussey,tfusseyha@upenn.edu,Male,102.119.225.248
624,Mahmoud,Brenston,mbrenstonhb@mayoclinic.com,Male,226.75.178.10
625,Humfrey,Jansik,hjansikhc@netvibes.com,Male,82.31.123.251
626,Pia,Vampouille,pvampouillehd@slashdot.org,Female,157.254.176.242
627,Madel,Fretson,mfretsonhe@hatena.ne.jp,Female,176.165.124.113
628,Ernie,Stonhouse,estonhousehf@statcounter.com,Male,119.96.72.226
629,Owen,Camblin,ocamblinhg@ted.com,Male,238.139.38.68
630,Aharon,Di Pietro,adipietrohh@icq.com,Male,83.213.80.198
631,Pris,Nulty,pnultyhi@devhub.com,Polygender,39.115.33.81
632,Cassandre,Sawle,csawlehj@bandcamp.com,Female,126.150.104.72
633,Darwin,Erington,deringtonhk@canalblog.com,Male,86.43.158.242
634,Ilka,Thrift,ithrifthl@msn.com,Female,123.113.6.177
635,Durant,Allridge,dallridgehm@amazon.co.jp,Male,173.215.62.76
636,Patty,Freiberg,pfreiberghn@hostgator.com,Female,210.118.232.195
637,Lea,Tonner,ltonnerho@wordpress.com,Female,31.229.39.223
638,Merissa,Buckthorpe,mbuckthorpehp@vkontakte.ru,Female,176.62.123.191
639,Janella,Rooms,jroomshq@squidoo.com,Non-binary,198.157.7.206
640,Zacharia,Halewood,zhalewoodhr@senate.gov,Male,242.244.8.25
641,Clarance,Warland,cwarlandhs@ebay.co.uk,Male,250.195.136.94
642,Bendix,Cutchee,bcutcheeht@tuttocitta.it,Male,246.183.107.142
643,Hube,Beattie,hbeattiehu@ucsd.edu,Male,71.207.15.99
644,Eveline,Froude,efroudehv@fc2.com,Female,67.10.227.137
645,Idaline,St Pierre,istpierrehw@opensource.org,Female,54.2.163.225
646,Abbey,Ovanesian,aovanesianhx@google.es,Female,83.215.148.125
647,Niles,Calton,ncaltonhy@webeden.co.uk,Male,131.47.254.182
648,Georg,Oldrey,goldreyhz@ustream.tv,Male,165.166.160.24
649,Darb,Simukov,dsimukovi0@woothemes.com,Female,94.227.97.118
650,Clive,Neal,cneali1@google.it,Male,174.142.42.245
651,Adey,Greder,agrederi2@wikia.com,Female,220.170.66.70
652,Geralda,Wraxall,gwraxalli3@sina.com.cn,Bigender,215.63.241.175
653,Clay,Klimshuk,cklimshuki4@feedburner.com,Male,11.81.235.121
654,Bel,Loosely,blooselyi5@cam.ac.uk,Female,23.170.129.91
655,Gilberte,Le Batteur,glebatteuri6@fc2.com,Bigender,242.77.250.46
656,Mattheus,Gerrelt,mgerrelti7@bigcartel.com,Male,132.138.49.243
657,Lesly,Merchant,lmerchanti8@scribd.com,Polygender,183.164.158.88
658,Isidro,Yerrall,iyerralli9@cbslocal.com,Male,36.22.119.74
659,Rosco,Hussell,rhussellia@gmpg.org,Male,10.178.204.196
660,Sanford,Savory,ssavoryib@skype.com,Male,13.205.78.200
661,Gale,Brann,gbrannic@intel.com,Female,76.127.179.175
662,Vittoria,Bartlet,vbartletid@simplemachines.org,Female,11.36.199.107
663,Nanice,McMenamy,nmcmenamyie@engadget.com,Female,163.59.200.234
664,Ag,Spiteri,aspiteriif@google.fr,Female,238.48.233.27
665,Robbyn,Tayspell,rtayspellig@nifty.com,Bigender,27.126.66.85
666,Davide,Francomb,dfrancombih@a8.net,Male,87.232.66.137
667,Kevina,Zavattero,kzavatteroii@ebay.co.uk,Female,61.168.143.93
668,Vivien,Tamblingson,vtamblingsonij@zimbio.com,Female,48.222.9.164
669,Bernette,Daal,bdaalik@drupal.org,Female,76.60.190.101
670,Ivar,Rainforth,irainforthil@thetimes.co.uk,Male,30.104.209.148
671,Herculie,Sieur,hsieurim@themeforest.net,Male,199.244.223.97
672,Ali,Hughes,ahughesin@who.int,Female,36.92.72.34
673,Malinda,Geraldo,mgeraldoio@un.org,Female,175.9.159.64
674,Aurea,Mitcheson,amitchesonip@mac.com,Female,19.24.91.182
675,Haroun,Ferryn,hferryniq@jalbum.net,Bigender,204.222.231.210
676,Stormie,Koppeck,skoppeckir@alexa.com,Female,69.138.126.101
677,Raynard,Aleksahkin,raleksahkinis@imdb.com,Male,1.94.137.78
678,Andie,Griffoen,agriffoenit@wiley.com,Female,106.89.15.8
679,Odetta,Beldham,obeldhamiu@skyrock.com,Agender,44.214.122.47
680,Stinky,Baudins,sbaudinsiv@hugedomains.com,Male,165.211.7.224
681,Kristina,Anthes,kanthesiw@acquirethisname.com,Female,88.53.219.193
682,Cross,Fulham,cfulhamix@berkeley.edu,Male,128.2.239.138
683,Devonne,Watkinson,dwatkinsoniy@blogs.com,Female,101.63.82.232
684,Fitzgerald,Jeays,fjeaysiz@wisc.edu,Male,145.42.131.133
685,Brook,Clericoates,bclericoatesj0@webnode.com,Female,130.165.36.146
686,Bonny,Kirrage,bkirragej1@reverbnation.com,Female,127.217.113.96
687,Chadd,Emberson,cembersonj2@shutterfly.com,Male,20.131.21.228
688,Kanya,Kordt,kkordtj3@creativecommons.org,Non-binary,246.135.112.36
689,Linette,Attewill,lattewillj4@acquirethisname.com,Female,184.144.41.194
690,Aimee,Plaxton,aplaxtonj5@wordpress.com,Female,140.43.157.138
691,Augustine,Gudyer,agudyerj6@illinois.edu,Genderqueer,116.234.145.175
692,Katharine,Rubel,krubelj7@dedecms.com,Female,7.127.9.16
693,Frankie,Rountree,frountreej8@youku.com,Male,184.77.175.76
694,Mariana,Skypp,mskyppj9@unc.edu,Female,2.145.92.93
695,Shandie,Brindley,sbrindleyja@ustream.tv,Female,205.203.193.71
696,Harmony,Keenor,hkeenorjb@domainmarket.com,Female,167.189.175.163
697,Obadias,Grimsell,ogrimselljc@cbc.ca,Male,54.216.133.35
698,Gertie,Dubery,gduberyjd@rakuten.co.jp,Female,227.205.212.209
699,Sampson,Rieme,sriemeje@taobao.com,Male,135.109.149.87
700,Emogene,Bottelstone,ebottelstonejf@bing.com,Female,229.181.151.249
701,Meg,Ludye,mludyejg@businesswire.com,Female,163.201.199.178
702,Bonnee,Lies,bliesjh@bigcartel.com,Female,0.139.156.161
703,Margi,Nisius,mnisiusji@wsj.com,Female,207.116.109.184
704,Jorge,Beardall,jbeardalljj@newsvine.com,Male,96.163.4.188
705,Rowe,Shipley,rshipleyjk@eventbrite.com,Female,68.151.1.195
706,Emalia,Kernaghan,ekernaghanjl@istockphoto.com,Female,8.6.214.166
707,Alli,Van Hesteren,avanhesterenjm@bloglovin.com,Bigender,215.161.68.1
708,Marietta,Woollons,mwoollonsjn@ezinearticles.com,Male,185.232.159.106
709,Sibel,Gartsyde,sgartsydejo@gravatar.com,Female,140.40.185.211
710,Leona,Sawyer,lsawyerjp@cargocollective.com,Female,243.124.222.242
711,Claudia,Bagby,cbagbyjq@slideshare.net,Female,64.158.32.160
712,Dara,Blakeley,dblakeleyjr@ucoz.ru,Female,10.250.154.132
713,Bary,Paramore,bparamorejs@google.pl,Genderqueer,40.114.53.163
714,Clem,Kerans,ckeransjt@ed.gov,Female,187.83.35.15
715,Denna,Arends,darendsju@sakura.ne.jp,Agender,77.106.12.167
716,Emiline,Debold,edeboldjv@cafepress.com,Female,114.142.225.240
717,Candi,Sparway,csparwayjw@list-manage.com,Female,187.121.28.162
718,Forrester,Takle,ftaklejx@latimes.com,Male,214.253.43.80
719,Christel,Danilishin,cdanilishinjy@netscape.com,Female,253.182.201.52
720,Louella,Merwede,lmerwedejz@earthlink.net,Female,61.54.246.42
721,Odette,Ebbens,oebbensk0@mozilla.com,Genderqueer,247.147.86.225
722,Nerty,McGeachy,nmcgeachyk1@friendfeed.com,Female,49.205.85.119
723,Theodor,Grishukov,tgrishukovk2@rambler.ru,Male,250.14.178.230
724,Butch,Hearley,bhearleyk3@blogger.com,Male,165.57.96.6
725,Trent,Cowper,tcowperk4@reverbnation.com,Male,167.78.60.6
726,Roddy,Critoph,rcritophk5@spiegel.de,Male,178.58.16.235
727,Nannie,Antognazzi,nantognazzik6@intel.com,Female,60.186.189.193
728,Elissa,Bovaird,ebovairdk7@imgur.com,Polygender,5.86.246.15
729,Malvin,Brigdale,mbrigdalek8@nhs.uk,Male,163.196.242.159
730,Clemens,Muxworthy,cmuxworthyk9@privacy.gov.au,Agender,96.1.211.232
731,Charmaine,Stotherfield,cstotherfieldka@smugmug.com,Female,1.118.252.159
732,Shannan,Wolpert,swolpertkb@eventbrite.com,Male,82.62.158.188
733,Skipp,Petrazzi,spetrazzikc@oracle.com,Polygender,207.36.1.199
734,Ali,Willisch,awillischkd@google.com,Female,137.53.167.233
735,Bertine,Harrower,bharrowerke@flavors.me,Female,56.192.10.138
736,Henri,Parkhouse,hparkhousekf@sitemeter.com,Male,229.249.60.160
737,Adler,Wheatland,awheatlandkg@mac.com,Male,96.34.168.48
738,Roanna,Toulson,rtoulsonkh@desdev.cn,Agender,253.134.189.97
739,Felisha,Wye,fwyeki@usatoday.com,Female,92.233.144.223
740,Meggie,Duigan,mduigankj@angelfire.com,Female,240.91.128.39
741,Aeriell,Flux,afluxkk@ameblo.jp,Female,250.247.246.208
742,Kamila,Yearne,kyearnekl@ibm.com,Female,94.138.27.217
743,Oralle,Hicklingbottom,ohicklingbottomkm@livejournal.com,Female,21.85.140.169
744,Ennis,Mayston,emaystonkn@stumbleupon.com,Male,203.24.228.122
745,Des,Muncaster,dmuncasterko@wiley.com,Male,91.71.26.244
746,Kari,Coggen,kcoggenkp@mapy.cz,Female,131.90.55.54
747,Jermain,Norville,jnorvillekq@theglobeandmail.com,Male,32.149.34.115
748,Vernen,Rubinovitsch,vrubinovitschkr@hc360.com,Male,55.223.202.120
749,Shaughn,Hunnam,shunnamks@bloglines.com,Non-binary,37.18.202.133
750,Priscilla,Totton,ptottonkt@mashable.com,Female,154.132.173.116
751,Elmira,Setter,esetterku@cornell.edu,Female,39.136.251.48
752,Herc,Ornillos,hornilloskv@altervista.org,Male,203.19.138.221
753,Maria,Lovitt,mlovittkw@myspace.com,Female,216.139.123.14
754,Marcel,Groger,mgrogerkx@huffingtonpost.com,Male,25.221.142.188
755,Geri,Strick,gstrickky@hatena.ne.jp,Female,197.48.32.129
756,Sasha,Cohan,scohankz@constantcontact.com,Male,182.42.181.45
757,Ellette,Karolowski,ekarolowskil0@cam.ac.uk,Female,170.84.85.226
758,Husein,Broune,hbrounel1@unblog.fr,Male,167.69.73.147
759,Stevy,Plampeyn,splampeynl2@tinyurl.com,Male,7.200.190.21
760,Marta,O'Scully,moscullyl3@feedburner.com,Female,254.243.21.141
761,Wildon,Penelli,wpenellil4@homestead.com,Male,223.229.115.225
762,Connor,Cragell,ccragelll5@baidu.com,Male,217.67.20.67
763,Quintina,Harden,qhardenl6@cafepress.com,Female,70.189.99.226
764,Aguie,Leythley,aleythleyl7@ezinearticles.com,Male,164.6.28.66
765,Sloane,Coxon,scoxonl8@ebay.co.uk,Male,200.109.143.206
766,Hermie,Perroni,hperronil9@columbia.edu,Male,144.4.93.21
767,Barby,Vanderson,bvandersonla@alibaba.com,Agender,194.176.30.124
768,Bradford,Sondon,bsondonlb@oracle.com,Male,144.132.161.18
769,Vivian,Whitney,vwhitneylc@typepad.com,Female,64.105.51.83
770,Valaree,Veltmann,vveltmannld@walmart.com,Female,159.255.88.96
771,Grier,Ellard,gellardle@fema.gov,Polygender,172.12.120.107
772,Anthe,Ivanonko,aivanonkolf@sitemeter.com,Female,198.149.123.3
773,Lewiss,Spere,lsperelg@stanford.edu,Genderqueer,194.186.247.234
774,Ringo,Huitson,rhuitsonlh@cyberchimps.com,Male,228.102.152.206
775,Boy,O'Dunniom,bodunniomli@usda.gov,Male,94.24.84.37
776,Corinne,Egar,cegarlj@hp.com,Female,141.143.247.44
777,Brendan,Blanpein,bblanpeinlk@dailymail.co.uk,Male,88.88.223.196
778,Portia,Malyan,pmalyanll@deviantart.com,Female,200.32.245.129
779,Ragnar,Dolling,rdollinglm@wikia.com,Male,232.141.138.159
780,Nikola,Loughan,nloughanln@rediff.com,Male,20.231.51.10
781,Bren,MacCole,bmaccolelo@redcross.org,Female,8.238.225.52
782,Bertine,Kenwright,bkenwrightlp@huffingtonpost.com,Female,94.249.182.160
783,Jeramey,Wyon,jwyonlq@ucoz.ru,Polygender,220.53.205.167
784,Laurette,Ochterlony,lochterlonylr@storify.com,Female,255.181.97.159
785,Mallissa,Sumpton,msumptonls@unc.edu,Female,207.121.40.152
786,Micky,Kemetz,mkemetzlt@mozilla.com,Male,67.215.59.55
787,Anya,Bradder,abradderlu@tuttocitta.it,Female,67.255.34.43
788,Raymond,Noel,rnoellv@mtv.com,Male,64.253.96.29
789,Joete,Ansley,jansleylw@bloglines.com,Genderfluid,35.227.198.99
790,Randa,De Ruel,rderuellx@twitpic.com,Female,23.116.228.243
791,Brita,Iddison,biddisonly@admin.ch,Female,193.147.178.4
792,Romeo,Checchi,rchecchilz@google.es,Polygender,34.122.245.145
793,Isidora,Caustic,icausticm0@uiuc.edu,Female,254.157.186.39
794,Cornelle,Petts,cpettsm1@rakuten.co.jp,Female,228.75.164.173
795,Vasily,Zupone,vzuponem2@hao123.com,Male,227.222.84.96
796,Adora,Ducket,aducketm3@t-online.de,Female,52.189.223.157
797,Estele,Ever,eeverm4@wunderground.com,Female,170.217.14.40
798,Ilario,Eslemont,ieslemontm5@list-manage.com,Male,106.65.110.95
799,Sunny,Rizzelli,srizzellim6@ibm.com,Female,199.164.192.4
800,Terri-jo,Cumine,tcuminem7@qq.com,Female,106.210.215.164
801,Murial,Rich,mrichm8@reverbnation.com,Female,69.115.204.81
802,Rufus,Huddles,rhuddlesm9@nature.com,Male,209.31.132.238
803,Krishna,Kynd,kkyndma@exblog.jp,Male,201.79.106.60
804,Lucine,Kairns,lkairnsmb@cmu.edu,Female,229.101.153.39
805,Garrot,Hush,ghushmc@china.com.cn,Male,200.57.185.198
806,Ashlin,Lowman,alowmanmd@pbs.org,Male,8.178.59.2
807,Lars,Jeandot,ljeandotme@wordpress.org,Male,21.60.123.239
808,Gaile,Boothebie,gboothebiemf@scribd.com,Male,118.254.118.105
809,Zahara,Capeling,zcapelingmg@wired.com,Female,28.111.198.79
810,Avie,Rubery,aruberymh@rakuten.co.jp,Genderqueer,212.10.215.53
811,Doralynne,Hiddersley,dhiddersleymi@fastcompany.com,Female,166.219.55.92
812,Ayn,Cutill,acutillmj@google.fr,Female,186.96.246.116
813,Doyle,Yanyushkin,dyanyushkinmk@unicef.org,Male,209.127.81.236
814,Leonard,Kilpin,lkilpinml@army.mil,Male,127.214.58.52
815,Sarajane,Scullin,sscullinmm@cafepress.com,Genderfluid,41.74.116.228
816,Jon,Fleeming,jfleemingmn@bravesites.com,Male,5.253.201.209
817,Freddy,Eddies,feddiesmo@ox.ac.uk,Male,126.39.192.164
818,Rafaello,O'Cosgra,rocosgramp@tumblr.com,Polygender,163.80.31.191
819,Larisa,Toombs,ltoombsmq@privacy.gov.au,Female,170.57.229.104
820,Samson,Crutcher,scrutchermr@msu.edu,Non-binary,206.234.50.146
821,Aileen,Crucetti,acrucettims@nytimes.com,Female,8.62.254.149
822,Antonietta,Lorkings,alorkingsmt@smugmug.com,Female,65.160.132.195
823,Daron,Pinckard,dpinckardmu@nih.gov,Male,108.24.164.180
824,Kathy,O'Howbane,kohowbanemv@jalbum.net,Female,45.85.41.18
825,Sheela,Duferie,sduferiemw@weibo.com,Female,154.24.98.219
826,Millicent,Scoffham,mscoffhammx@rediff.com,Female,0.248.233.109
827,Anne-corinne,Tills,atillsmy@stanford.edu,Female,112.0.181.103
828,Godart,Cripps,gcrippsmz@blog.com,Male,43.189.110.223
829,Jesse,Neilson,jneilsonn0@cnn.com,Male,171.39.110.228
830,Gibb,Cliffe,gcliffen1@eventbrite.com,Male,21.217.188.192
831,Salomon,Derell,sderelln2@ucsd.edu,Male,230.64.152.225
832,Raine,De Dantesie,rdedantesien3@barnesandnoble.com,Female,47.10.68.219
833,Bernadene,Alps,balpsn4@indiatimes.com,Genderqueer,101.95.167.36
834,Alli,Gowar,agowarn5@google.cn,Female,86.63.0.39
835,Clim,Pilley,cpilleyn6@photobucket.com,Male,153.88.148.167
836,Aldin,Tubble,atubblen7@ameblo.jp,Male,163.222.83.20
837,Lynnell,Sauter,lsautern8@smh.com.au,Female,244.251.126.45
838,Rosanna,Gabites,rgabitesn9@reverbnation.com,Female,123.155.7.203
839,Karlens,Clineck,kclineckna@163.com,Male,153.51.201.110
840,Bridgette,Feldhammer,bfeldhammernb@ft.com,Female,69.73.48.247
841,Cirillo,McQuarter,cmcquarternc@boston.com,Male,188.80.57.242
842,Zarah,Tink,ztinknd@amazon.co.jp,Polygender,46.167.107.230
843,Shandeigh,Darton,sdartonne@reuters.com,Female,115.19.209.126
844,Wilow,Elderton,weldertonnf@imgur.com,Female,72.0.169.78
845,Carolynn,Amberson,cambersonng@shareasale.com,Female,107.36.117.16
846,Ferguson,Phare,fpharenh@amazon.co.uk,Male,57.194.140.179
847,Sheffie,Kuhnert,skuhnertni@wikia.com,Male,27.148.69.120
848,Jerome,Yeend,jyeendnj@hhs.gov,Male,53.92.24.44
849,Bourke,Hattrick,bhattricknk@bloomberg.com,Male,97.81.126.232
850,Udell,Reboulet,urebouletnl@fastcompany.com,Male,204.144.132.150
851,Rebekkah,Sudran,rsudrannm@thetimes.co.uk,Female,33.75.58.43
852,Jeth,Offield,joffieldnn@liveinternet.ru,Male,203.37.82.165
853,Madelaine,Egdale,megdaleno@creativecommons.org,Female,100.12.201.133
854,Vaclav,Dwelly,vdwellynp@ft.com,Male,234.102.206.226
855,Loreen,Brickner,lbricknernq@rambler.ru,Female,183.126.48.181
856,Anissa,Lamberti,alambertinr@topsy.com,Female,249.134.199.89
857,Oralee,Kalvin,okalvinns@bloglovin.com,Female,11.19.6.73
858,Hadria,Domino,hdominont@census.gov,Female,252.253.140.148
859,Brannon,Ennew,bennewnu@cnet.com,Polygender,55.177.125.153
860,Phip,Preon,ppreonnv@noaa.gov,Genderqueer,106.184.220.1
861,Cyrill,Janos,cjanosnw@mac.com,Male,32.88.9.13
862,Marcelle,Vaudin,mvaudinnx@barnesandnoble.com,Female,7.171.95.199
863,Chloe,Kleinhaut,ckleinhautny@weather.com,Female,189.48.185.1
864,Daloris,Phythien,dphythiennz@mac.com,Female,118.222.132.200
865,Vita,Winspurr,vwinspurro0@linkedin.com,Non-binary,208.215.88.189
866,Dag,Plewright,dplewrighto1@mozilla.com,Male,221.74.150.110
867,Romola,Bownde,rbowndeo2@cocolog-nifty.com,Genderfluid,120.127.25.105
868,Hastings,Wadesworth,hwadeswortho3@livejournal.com,Male,173.199.168.108
869,Coraline,Meade,cmeadeo4@japanpost.jp,Female,156.241.129.151
870,Bendicty,Bes,bbeso5@illinois.edu,Male,216.70.93.249
871,Cybill,Tattersall,ctattersallo6@yale.edu,Female,0.182.251.172
872,Benyamin,Moar,bmoaro7@google.com,Male,58.15.54.219
873,Marco,Nursey,mnurseyo8@goo.ne.jp,Male,172.103.5.217
874,Robin,Vedekhin,rvedekhino9@uiuc.edu,Male,205.158.156.220
875,Berton,Bwy,bbwyoa@cbsnews.com,Male,75.61.88.243
876,Olly,Trivett,otrivettob@si.edu,Female,23.61.122.120
877,Otes,Gorry,ogorryoc@odnoklassniki.ru,Male,192.17.160.171
878,Sharyl,Gaymar,sgaymarod@ebay.co.uk,Female,110.93.206.185
879,Olympie,Burstow,oburstowoe@dropbox.com,Female,194.190.182.9
880,Berri,Fogt,bfogtof@cam.ac.uk,Female,198.221.46.80
881,Cacilia,Deam,cdeamog@apple.com,Female,207.155.33.226
882,Chrissy,McEniry,cmceniryoh@dropbox.com,Male,222.48.249.140
883,Hartley,Tuplin,htuplinoi@skyrock.com,Genderqueer,82.183.155.51
884,Luci,Voisey,lvoiseyoj@ycombinator.com,Female,67.63.91.48
885,Dareen,Showte,dshowteok@nydailynews.com,Female,115.214.84.82
886,Nicholle,Adlem,nadlemol@feedburner.com,Female,65.190.164.232
887,Michal,Lorait,mloraitom@microsoft.com,Female,218.174.22.248
888,Spense,Maddaford,smaddafordon@nifty.com,Male,124.218.157.98
889,Stuart,Haysar,shaysaroo@blogtalkradio.com,Male,91.146.159.153
890,Larry,Crummy,lcrummyop@4shared.com,Male,186.8.21.171
891,Kaye,Krolman,kkrolmanoq@fema.gov,Female,118.156.138.252
892,Kristi,Noble,knobleor@artisteer.com,Female,49.35.227.130
893,Elisabet,Tottman,etottmanos@dagondesign.com,Female,197.21.236.105
894,Kippie,Banville,kbanvilleot@yahoo.com,Female,144.13.138.219
895,Ora,Stickel,ostickelou@state.gov,Female,41.193.110.215
896,Ashbey,Reyne,areyneov@squidoo.com,Male,27.145.81.37
897,Ofelia,Eccles,oecclesow@usatoday.com,Female,117.147.107.204
898,Even,Giacomo,egiacomoox@gizmodo.com,Male,97.17.148.113
899,Lorenzo,Cord,lcordoy@jigsy.com,Male,94.103.216.209
900,Abran,Gawkroge,agawkrogeoz@unc.edu,Male,128.237.161.39
901,Aryn,Ambrose,aambrosep0@un.org,Female,240.196.250.248
902,Klarika,Gilliard,kgilliardp1@vkontakte.ru,Female,239.45.34.197
903,Bianka,Krink,bkrinkp2@ibm.com,Female,93.52.35.204
904,Massimo,Lacey,mlaceyp3@mail.ru,Male,165.238.96.253
905,Jenelle,Tennock,jtennockp4@bbb.org,Female,54.237.125.179
906,Fifine,MacSharry,fmacsharryp5@forbes.com,Female,251.25.10.248
907,Karim,Karran,kkarranp6@whitehouse.gov,Male,30.200.200.82
908,Orbadiah,Alflat,oalflatp7@vinaora.com,Male,202.17.158.171
909,Tyrone,Hollibone,thollibonep8@cbslocal.com,Male,231.155.3.182
910,Raoul,Baynes,rbaynesp9@networkadvertising.org,Male,152.29.120.153
911,Guglielmo,Blasli,gblaslipa@theatlantic.com,Male,232.191.116.94
912,Dodie,Beidebeke,dbeidebekepb@washingtonpost.com,Female,127.130.246.241
913,Taber,Vargas,tvargaspc@java.com,Male,159.167.222.187
914,Auria,Mocker,amockerpd@purevolume.com,Female,98.248.94.1
915,Toni,Ackrill,tackrillpe@pen.io,Female,34.207.5.67
916,Charo,Marks,cmarkspf@moonfruit.com,Female,73.110.39.52
917,Culley,Yerbury,cyerburypg@hao123.com,Male,202.32.139.203
918,Shirlee,Francis,sfrancisph@dailymail.co.uk,Bigender,204.14.227.222
919,Wolfie,Marzellano,wmarzellanopi@flavors.me,Male,207.27.11.103
920,Roberto,Pring,rpringpj@who.int,Male,227.179.227.113
921,Anet,Halwill,ahalwillpk@msn.com,Bigender,83.78.52.244
922,Pearce,Wilprecht,pwilprechtpl@nps.gov,Male,205.253.103.30
923,Reade,Bustin,rbustinpm@linkedin.com,Male,41.163.96.79
924,Adel,Fierman,afiermanpn@unblog.fr,Female,255.136.128.55
925,Kerby,Chiverstone,kchiverstonepo@biglobe.ne.jp,Male,88.50.105.221
926,Zeb,Swafford,zswaffordpp@addthis.com,Male,170.172.26.233
927,Allister,Doniso,adonisopq@wsj.com,Male,210.112.129.36
928,Louella,Newby,lnewbypr@tamu.edu,Female,169.90.107.127
929,Rolf,De Castri,rdecastrips@yelp.com,Male,100.3.92.211
930,Tamar,Billiard,tbilliardpt@foxnews.com,Female,129.30.63.16
931,Hubert,Boffey,hboffeypu@delicious.com,Male,114.57.46.75
932,Elvera,Murt,emurtpv@cisco.com,Bigender,140.131.160.9
933,Kim,Crosskell,kcrosskellpw@ed.gov,Female,172.245.204.43
934,Rebecka,Osmar,rosmarpx@cdc.gov,Female,89.8.97.189
935,Karel,Barstowk,kbarstowkpy@google.pl,Female,18.68.14.42
936,Marybeth,Huby,mhubypz@msn.com,Female,243.187.149.70
937,Trumann,Geroldini,tgeroldiniq0@ezinearticles.com,Male,177.108.5.87
938,Amitie,Wattingham,awattinghamq1@wordpress.com,Female,47.68.205.168
939,Guillermo,Kaines,gkainesq2@cnn.com,Male,137.253.113.247
940,Zachariah,Langston,zlangstonq3@earthlink.net,Male,70.50.35.174
941,Dacie,Southerden,dsoutherdenq4@hubpages.com,Female,25.2.196.22
942,Felicio,McGuiney,fmcguineyq5@bluehost.com,Male,222.221.200.12
943,Garreth,Smewings,gsmewingsq6@amazon.com,Male,78.48.16.199
944,Mil,Romans,mromansq7@hp.com,Female,247.221.244.137
945,Janice,Drei,jdreiq8@paginegialle.it,Female,23.237.144.113
946,Vaclav,Tresvina,vtresvinaq9@tmall.com,Male,254.70.199.208
947,Timothea,Le Merchant,tlemerchantqa@prnewswire.com,Female,120.23.161.175
948,Reeba,Parchment,rparchmentqb@networkadvertising.org,Polygender,234.123.96.248
949,Gordy,Gooddy,ggooddyqc@mashable.com,Male,25.166.199.130
950,Maribel,Kowal,mkowalqd@cbsnews.com,Female,59.61.248.65
951,Kathleen,Lowensohn,klowensohnqe@list-manage.com,Female,104.248.89.167
952,Niven,Emmot,nemmotqf@dailymail.co.uk,Male,18.60.145.86
953,Melly,Winter,mwinterqg@baidu.com,Female,120.160.95.42
954,Kerrie,Levane,klevaneqh@wikispaces.com,Genderqueer,201.187.200.189
955,Leonanie,MacSkeaghan,lmacskeaghanqi@gov.uk,Polygender,87.122.183.95
956,Vlad,La Vigne,vlavigneqj@businessinsider.com,Male,28.27.204.235
957,Deva,Boxill,dboxillqk@cocolog-nifty.com,Female,66.21.47.22
958,Cointon,Rawstorne,crawstorneql@adobe.com,Male,221.156.10.124
959,Inger,Pethybridge,ipethybridgeqm@webs.com,Male,200.28.90.236
960,Cilka,Sodeau,csodeauqn@ibm.com,Female,173.21.13.196
961,Carson,Korous,ckorousqo@unicef.org,Male,238.217.28.243
962,Devondra,Edwin,dedwinqp@amazon.de,Female,59.239.143.125
963,Dewie,Leidl,dleidlqq@foxnews.com,Male,122.55.44.181
964,Bonny,Burril,bburrilqr@weibo.com,Female,59.8.255.195
965,Dory,Batchelor,dbatchelorqs@yelp.com,Female,247.49.168.163
966,Denna,Eich,deichqt@goo.gl,Female,101.133.13.225
967,Lainey,Very,lveryqu@biglobe.ne.jp,Female,79.9.214.225
968,Eal,Kuhlen,ekuhlenqv@hao123.com,Male,100.167.212.63
969,Frazier,Dominetti,fdominettiqw@gov.uk,Male,80.22.196.235
970,Philbert,Tringham,ptringhamqx@nymag.com,Male,232.162.127.81
971,Francis,Collishaw,fcollishawqy@1und1.de,Male,76.193.154.14
972,Lilias,Matteris,lmatterisqz@wix.com,Female,35.149.2.182
973,Mitchel,Mustard,mmustardr0@netlog.com,Male,14.64.57.120
974,Georgeanna,Belchamber,gbelchamberr1@newyorker.com,Female,138.78.79.71
975,Natala,Mapletoft,nmapletoftr2@time.com,Female,145.244.238.9
976,Lanni,Fullman,lfullmanr3@msu.edu,Female,250.222.177.200
977,Trey,Raddish,traddishr4@netlog.com,Male,163.225.176.85
978,Aldus,Gwynn,agwynnr5@thetimes.co.uk,Male,73.9.100.225
979,Doloritas,Bernardini,dbernardinir6@soup.io,Female,123.157.217.12
980,Dudley,Bortolomei,dbortolomeir7@g.co,Male,212.31.129.226
981,Winna,Peskett,wpeskettr8@nationalgeographic.com,Female,225.74.37.50
982,Jo ann,Cowdrey,jcowdreyr9@bloglines.com,Female,72.163.176.186
983,Kellen,Ottewill,kottewillra@thetimes.co.uk,Male,21.4.112.29
984,Murray,Hucquart,mhucquartrb@w3.org,Male,214.44.242.209
985,Arabel,Boodell,aboodellrc@skyrock.com,Female,235.45.27.213
986,Jess,Tukely,jtukelyrd@timesonline.co.uk,Male,241.132.98.137
987,Goddart,Siemandl,gsiemandlre@jimdo.com,Male,44.152.243.186
988,Hervey,Ranahan,hranahanrf@unc.edu,Male,220.148.125.91
989,Jodee,Gascoine,jgascoinerg@earthlink.net,Female,58.196.250.29
990,Emilia,Westman,ewestmanrh@usnews.com,Female,181.93.38.61
991,Erin,Haggith,ehaggithri@1und1.de,Female,82.64.254.119
992,Heindrick,Babcock,hbabcockrj@cnet.com,Male,251.37.3.236
993,Nat,Laboune,nlabounerk@imageshack.us,Female,7.108.28.243
994,Sybille,Marris,smarrisrl@istockphoto.com,Female,74.33.192.205
995,Virgil,Zack,vzackrm@dedecms.com,Male,254.167.89.190
996,Coreen,Ormes,cormesrn@harvard.edu,Female,134.125.181.123
997,Eran,Welds,eweldsro@cbslocal.com,Female,76.137.59.69
998,Lek,Rappa,lrapparp@skype.com,Male,58.165.4.209
999,Ignazio,MacCaughey,imaccaugheyrq@vimeo.com,Male,203.94.131.4
1000,Fair,Bonsey,fbonseyrr@domainmarket.com,Male,131.211.224.136
