id,first_name,last_name,email,gender,ip_address
1,Carmelia,Afonso,cafonso0@smh.com.au,Female,158.223.142.233
2,Gilberte,Shireff,gshireff1@over-blog.com,Female,137.39.156.72
3,Gardner,Deer,gdeer2@bbc.co.uk,Male,223.138.36.47
4,Nerte,Cleeton,ncleeton3@nba.com,Female,197.248.145.101
5,Yorke,Saurin,ysaurin4@ucoz.ru,Male,177.73.146.222
6,Nevins,Rayner,nrayner5@nba.com,Male,194.87.13.41
7,Filippa,Sango,fsango6@arizona.edu,Female,22.21.103.142
8,Layton,Snawden,lsnawden7@printfriendly.com,Male,42.54.200.222
9,Lynnet,Rickesies,lrickesies8@cbslocal.com,Female,135.213.194.86
10,Raffaello,Brixham,rbrixham9@aboutads.info,Male,41.93.233.20
11,Edmon,Paolillo,epaolilloa@princeton.edu,Male,200.213.124.208
12,Alastair,De Fraine,adefraineb@tripadvisor.com,Male,180.239.173.10
13,Kylila,Tennick,ktennickc@ameblo.jp,Female,82.53.62.59
14,Clare,Reisin,creisind@engadget.com,Male,4.246.192.133
15,Gene,McDavid,gmcdavide@booking.com,Male,82.75.10.32
16,Karole,Conechie,kconechief@sohu.com,Female,92.68.241.35
17,Elfreda,Ost,eostg@ucoz.com,Female,254.243.118.177
18,Simone,Lassell,slassellh@hao123.com,Female,138.178.134.203
19,Ara,Fetherston,afetherstoni@xrea.com,Female,107.15.169.243
20,Andy,Sofe,asofej@meetup.com,Male,254.85.136.200
21,Lalo,Ventura,lventurak@utexas.edu,Male,212.181.17.143
22,Fraser,Mattea,fmatteal@intel.com,Male,20.147.128.211
23,Quillan,Cookman,qcookmanm@nsw.gov.au,Male,57.167.135.69
24,Albertine,Penylton,apenyltonn@weebly.com,Genderfluid,158.22.134.157
25,Kendell,Ceillier,kceilliero@clickbank.net,Male,255.234.26.185
26,Dyane,Nolli,dnollip@squarespace.com,Female,21.26.112.17
27,Ham,Ormston,hormstonq@foxnews.com,Male,35.166.114.145
28,Christian,Bartolijn,cbartolijnr@ucsd.edu,Female,239.177.37.68
29,Filmore,Gaisford,fgaisfords@msn.com,Genderqueer,141.236.94.105
30,Chastity,McTurk,cmcturkt@oaic.gov.au,Female,95.82.71.247
31,Annamaria,Wisham,awishamu@bravesites.com,Genderfluid,131.97.149.210
32,Werner,McGlade,wmcgladev@rambler.ru,Polygender,90.19.129.3
33,Martelle,Cambling,mcamblingw@hud.gov,Female,252.78.119.207
34,Raimund,Sweetnam,rsweetnamx@gov.uk,Polygender,112.89.86.110
35,Allyce,Cumbers,acumbersy@mac.com,Female,141.183.144.254
36,Bailie,Klouz,bklouzz@usgs.gov,Male,10.251.52.14
37,Zacharie,Groarty,zgroarty10@shareasale.com,Male,141.149.253.159
38,Mellie,Lote,mlote11@zimbio.com,Non-binary,87.6.199.48
39,Clive,Tournay,ctournay12@nbcnews.com,Male,239.156.139.17
40,Curran,Deniseau,cdeniseau13@exblog.jp,Male,129.124.168.162
41,Isabelita,Catonne,icatonne14@jimdo.com,Agender,27.41.17.241
42,Niccolo,Durie,ndurie15@fda.gov,Male,58.46.167.147
43,Glenda,Jerzykiewicz,gjerzykiewicz16@sina.com.cn,Female,117.98.146.216
44,Gerald,Henrichsen,ghenrichsen17@ted.com,Male,118.206.9.205
45,Saleem,Yeowell,syeowell18@twitter.com,Male,93.69.124.29
46,Katti,Compfort,kcompfort19@webs.com,Female,64.0.227.213
47,Lorrayne,Water,lwater1a@angelfire.com,Agender,152.144.99.232
48,Sandie,Ferroli,sferroli1b@nydailynews.com,Female,45.228.194.21
49,Sosanna,Ghilks,sghilks1c@etsy.com,Female,51.31.126.128
50,Timmy,Lowre,tlowre1d@paginegialle.it,Female,105.105.175.157
51,Hank,Covet,hcovet1e@macromedia.com,Male,74.229.238.71
52,Henry,Roblin,hroblin1f@wsj.com,Male,255.177.221.23
53,Angelo,Gayton,agayton1g@youtube.com,Male,241.235.103.235
54,Mordy,Soar,msoar1h@blogger.com,Male,14.25.182.54
55,Gina,Yellowley,gyellowley1i@vinaora.com,Female,234.68.2.69
56,Winny,Rollings,wrollings1j@weather.com,Male,225.74.208.117
57,Tory,Knipe,tknipe1k@histats.com,Female,245.135.24.61
58,Dodi,Sleeford,dsleeford1l@kickstarter.com,Female,144.27.145.254
59,Yves,Minchella,yminchella1m@dmoz.org,Male,98.174.177.16
60,Cornall,Finessy,cfinessy1n@webnode.com,Male,63.111.242.180
61,Artemas,Knifton,aknifton1o@1und1.de,Male,247.145.226.220
62,Sanders,Letrange,sletrange1p@csmonitor.com,Male,161.78.240.97
63,Wood,Guinan,wguinan1q@lulu.com,Male,39.205.52.13
64,Reyna,Rubinivitz,rrubinivitz1r@deliciousdays.com,Female,201.200.157.180
65,Angeline,Coomer,acoomer1s@chron.com,Female,32.212.162.28
66,Waverley,Bunworth,wbunworth1t@bbc.co.uk,Male,143.116.31.249
67,Travers,Cottier,tcottier1u@marriott.com,Male,236.66.88.123
68,Sampson,Wallice,swallice1v@a8.net,Male,165.235.34.6
69,Welch,Bellow,wbellow1w@arstechnica.com,Male,220.79.130.115
70,Ramsey,Munt,rmunt1x@paginegialle.it,Male,224.252.90.211
71,Jodie,McGennis,jmcgennis1y@paypal.com,Male,161.47.169.7
72,Engelbert,Lovart,elovart1z@google.es,Male,20.172.163.136
73,Zilvia,Burgett,zburgett20@cnbc.com,Female,121.202.73.60
74,Evelin,Frid,efrid21@indiegogo.com,Agender,221.195.200.230
75,Sergio,MacEveley,smaceveley22@example.com,Male,200.147.21.61
76,Vladimir,Tunney,vtunney23@ow.ly,Male,201.113.221.23
77,Dallon,Caslin,dcaslin24@odnoklassniki.ru,Male,70.178.24.104
78,Dita,Osmond,dosmond25@tamu.edu,Female,32.230.119.52
79,Merill,Fullegar,mfullegar26@wordpress.com,Male,70.168.94.19
80,Alejandrina,Garioch,agarioch27@pinterest.com,Female,193.107.216.110
81,Egon,Cronk,ecronk28@wix.com,Bigender,56.168.207.29
82,Balduin,Libbis,blibbis29@pbs.org,Male,237.64.15.12
83,Ario,Almack,aalmack2a@rambler.ru,Male,248.22.183.202
84,Sheilah,Aizic,saizic2b@shutterfly.com,Genderfluid,250.42.235.143
85,Konstance,Blakeslee,kblakeslee2c@loc.gov,Female,85.48.121.232
86,Tarra,Bliss,tbliss2d@constantcontact.com,Female,69.231.81.124
87,Noell,Brahms,nbrahms2e@imdb.com,Female,236.157.85.112
88,Lurette,Francello,lfrancello2f@engadget.com,Female,142.0.88.127
89,Randi,Hegarty,rhegarty2g@ca.gov,Male,59.98.152.251
90,Stafani,Cosin,scosin2h@yelp.com,Female,68.237.243.122
91,Dar,Fyall,dfyall2i@cnbc.com,Male,22.130.51.16
92,Caresa,Andrick,candrick2j@a8.net,Female,179.96.128.155
93,Lin,Marriage,lmarriage2k@cloudflare.com,Male,30.23.131.174
94,Candie,Dodworth,cdodworth2l@weibo.com,Bigender,190.5.50.34
95,Joelle,Stannus,jstannus2m@cnet.com,Female,43.246.83.19
96,Corbin,Skull,cskull2n@salon.com,Male,248.180.164.111
97,Erik,Elles,eelles2o@cnbc.com,Male,251.104.20.161
98,Charil,Utterson,cutterson2p@themeforest.net,Genderqueer,11.67.220.4
99,Violet,Plett,vplett2q@indiatimes.com,Female,35.219.51.180
100,Kathlin,Guittet,kguittet2r@nyu.edu,Female,112.67.135.8
101,Doralin,Gutierrez,dgutierrez2s@myspace.com,Female,137.212.36.83
102,Franny,Askam,faskam2t@vk.com,Female,20.34.204.54
103,Celinda,Jarvie,cjarvie2u@jiathis.com,Female,232.61.242.205
104,Cassie,Gehrtz,cgehrtz2v@multiply.com,Male,199.112.34.236
105,Mickie,Mitchenson,mmitchenson2w@imgur.com,Male,175.6.246.106
106,Darb,Breit,dbreit2x@nasa.gov,Female,142.69.171.107
107,Eirena,Normant,enormant2y@npr.org,Female,155.177.165.71
108,Sherry,Stansby,sstansby2z@purevolume.com,Female,116.181.30.133
109,Layney,Folomin,lfolomin30@netscape.com,Female,30.194.75.57
110,Belle,Moore,bmoore31@e-recht24.de,Female,172.5.210.49
111,Amara,Wetherill,awetherill32@ifeng.com,Female,200.89.101.23
112,Davon,Feehily,dfeehily33@diigo.com,Male,204.24.166.150
113,Marvin,Shitliffe,mshitliffe34@wsj.com,Male,168.93.70.236
114,Robbin,Sauvan,rsauvan35@bloomberg.com,Female,155.252.8.100
115,Gayle,Crickett,gcrickett36@statcounter.com,Female,23.87.164.49
116,Alina,Orrow,aorrow37@cam.ac.uk,Female,212.117.43.83
117,Rodrigo,Hamly,rhamly38@google.it,Male,176.161.33.116
118,Devland,Roisen,droisen39@github.com,Male,64.3.183.100
119,Jeane,Bonas,jbonas3a@mit.edu,Female,31.86.143.90
120,Neel,Wentworth,nwentworth3b@wikia.com,Male,119.12.118.41
121,Madelyn,Ferrari,mferrari3c@stumbleupon.com,Female,70.239.187.89
122,Laurice,Deamer,ldeamer3d@utexas.edu,Female,125.135.108.119
123,Sterling,Friman,sfriman3e@chronoengine.com,Male,228.22.240.163
124,Randi,Beardmore,rbeardmore3f@opensource.org,Female,234.92.84.159
125,Dolly,Haine,dhaine3g@geocities.com,Female,188.133.223.2
126,Arlie,Saich,asaich3h@buzzfeed.com,Female,127.13.47.182
127,Consalve,Edginton,cedginton3i@engadget.com,Male,184.219.71.224
128,Sidnee,Brewers,sbrewers3j@marriott.com,Male,235.130.133.151
129,Jodi,Caulliere,jcaulliere3k@pen.io,Male,209.106.56.22
130,Carlynn,Pessold,cpessold3l@theatlantic.com,Female,33.91.78.109
131,Wylie,Eltone,weltone3m@china.com.cn,Male,59.2.37.250
132,Ailee,Lardeux,alardeux3n@moonfruit.com,Female,187.149.122.229
133,Norman,Henriquet,nhenriquet3o@ed.gov,Male,129.40.242.210
134,Dev,Brise,dbrise3p@sitemeter.com,Male,161.71.110.38
135,Trueman,Hurnell,thurnell3q@histats.com,Male,144.154.184.254
136,Shayna,Blint,sblint3r@tamu.edu,Female,90.222.21.158
137,Buddie,Duck,bduck3s@123-reg.co.uk,Male,6.54.249.134
138,Rodolfo,Bachman,rbachman3t@apache.org,Male,170.68.63.131
139,Corilla,Catonnet,ccatonnet3u@oakley.com,Polygender,176.66.152.190
140,Brandtr,Ferreira,bferreira3v@thetimes.co.uk,Male,219.210.136.145
141,Vidovic,Lipsett,vlipsett3w@howstuffworks.com,Male,210.102.194.41
142,Murial,Zamora,mzamora3x@php.net,Polygender,91.192.10.216
143,Archibald,Maciejewski,amaciejewski3y@blogger.com,Male,138.33.141.175
144,Rebeka,Sullens,rsullens3z@flickr.com,Female,99.60.173.22
145,Maressa,Kerins,mkerins40@merriam-webster.com,Female,47.89.199.151
146,Wallas,Jagoe,wjagoe41@dedecms.com,Male,122.205.189.224
147,Maximilian,McAless,mmcaless42@salon.com,Male,159.198.142.235
148,Robbi,Moralis,rmoralis43@admin.ch,Female,75.121.191.6
149,Stuart,Moran,smoran44@ebay.co.uk,Male,215.190.193.165
150,Artus,Reyes,areyes45@springer.com,Male,200.254.118.86
151,Leif,Di Pietro,ldipietro46@columbia.edu,Male,155.195.220.197
152,Patsy,Huton,phuton47@lycos.com,Genderfluid,47.219.115.97
153,Iggy,Coppin,icoppin48@goo.gl,Male,88.2.134.51
154,Catherin,Goublier,cgoublier49@usda.gov,Female,215.119.216.164
155,Flore,Wiper,fwiper4a@fda.gov,Female,169.169.137.108
156,Krysta,MacPharlain,kmacpharlain4b@nbcnews.com,Female,61.86.143.207
157,Rozamond,Harley,rharley4c@nasa.gov,Female,185.92.43.143
158,Martelle,Stopforth,mstopforth4d@delicious.com,Female,123.9.76.45
159,Gretta,Skeels,gskeels4e@boston.com,Female,242.248.188.196
160,Ivor,Dormon,idormon4f@pbs.org,Male,198.117.91.165
161,Malcolm,Meates,mmeates4g@google.ca,Male,73.253.223.66
162,Natale,McGeechan,nmcgeechan4h@house.gov,Male,4.193.44.229
163,Aretha,Le Huquet,alehuquet4i@cisco.com,Female,240.38.186.16
164,Koralle,Etchingham,ketchingham4j@marketwatch.com,Female,110.60.138.116
165,Sheff,Teodori,steodori4k@mac.com,Male,125.207.19.204
166,Kirsteni,Guillain,kguillain4l@howstuffworks.com,Female,65.50.144.62
167,Jenifer,Doucette,jdoucette4m@tamu.edu,Female,249.220.162.117
168,Moses,Bruton,mbruton4n@rediff.com,Male,42.162.103.219
169,Maureen,McCrostie,mmccrostie4o@home.pl,Female,197.146.18.192
170,Astra,Habbijam,ahabbijam4p@sbwire.com,Female,175.180.115.222
171,Willem,Pryer,wpryer4q@netvibes.com,Male,131.239.14.16
172,Antonietta,Erie,aerie4r@domainmarket.com,Female,176.69.107.35
173,Knox,Sabatier,ksabatier4s@cnbc.com,Male,97.61.253.166
174,Bernie,Milthorpe,bmilthorpe4t@independent.co.uk,Male,26.87.254.188
175,Babara,Titman,btitman4u@shinystat.com,Female,94.85.61.76
176,Neile,Iveans,niveans4v@illinois.edu,Female,213.239.30.35
177,Kendre,Fundell,kfundell4w@smugmug.com,Female,73.205.221.220
178,Wayland,Ching,wching4x@washingtonpost.com,Male,36.129.97.195
179,Conrado,MacRorie,cmacrorie4y@statcounter.com,Male,126.7.149.209
180,Kelly,McUre,kmcure4z@dot.gov,Female,124.13.229.218
181,Kristan,Letrange,kletrange50@walmart.com,Female,151.8.202.76
182,Maxy,Leipoldt,mleipoldt51@cornell.edu,Female,249.195.127.157
183,Bridie,Dametti,bdametti52@smugmug.com,Female,109.171.87.49
184,Marilee,Flucks,mflucks53@goo.ne.jp,Female,8.79.145.156
185,Jeffie,Jordison,jjordison54@miibeian.gov.cn,Male,115.202.181.180
186,Anissa,Beardshall,abeardshall55@va.gov,Female,82.117.4.214
187,Ikey,Battersby,ibattersby56@go.com,Male,241.16.21.175
188,Bartlett,Bourner,bbourner57@stanford.edu,Non-binary,48.204.85.204
189,Linoel,Joppich,ljoppich58@wp.com,Male,198.18.112.161
190,Tiffani,Siggs,tsiggs59@hud.gov,Female,59.184.244.147
191,Cori,Collip,ccollip5a@sakura.ne.jp,Female,184.133.132.96
192,Benjamin,Gunbie,bgunbie5b@phoca.cz,Male,156.157.186.8
193,Sallyanne,Pyson,spyson5c@princeton.edu,Female,65.78.22.22
194,Dur,Crady,dcrady5d@usatoday.com,Male,159.36.196.102
195,Charlene,Lukes,clukes5e@ibm.com,Female,231.80.105.74
196,Sarina,Zupo,szupo5f@irs.gov,Female,74.26.168.159
197,Rees,McClarence,rmcclarence5g@sfgate.com,Male,25.137.166.201
198,Ignacius,Linford,ilinford5h@alexa.com,Male,198.50.169.94
199,Eal,Loudyan,eloudyan5i@jalbum.net,Male,93.201.93.202
200,Carter,Brawson,cbrawson5j@ftc.gov,Genderfluid,35.37.234.136
201,Zerk,Waiton,zwaiton5k@china.com.cn,Male,141.62.24.72
202,Jania,Rosenau,jrosenau5l@wordpress.org,Genderfluid,232.118.168.142
203,Carmine,Cawdron,ccawdron5m@google.de,Male,248.72.126.41
204,Walt,Sahlstrom,wsahlstrom5n@facebook.com,Male,181.229.46.13
205,Parke,Mardle,pmardle5o@sun.com,Male,56.55.139.208
206,Fanya,Cristofvao,fcristofvao5p@eventbrite.com,Female,232.79.212.50
207,Fletcher,Forster,fforster5q@jiathis.com,Male,85.240.165.135
208,Tuckie,Heading,theading5r@dmoz.org,Male,72.169.173.235
209,Nickolai,Dancer,ndancer5s@cnet.com,Male,241.153.46.182
210,Morgan,Morman,mmorman5t@symantec.com,Male,53.107.71.221
211,Reinold,Barrable,rbarrable5u@bbb.org,Male,127.201.185.32
212,Shanie,Pantling,spantling5v@google.fr,Female,81.114.161.103
213,Auberon,Birnie,abirnie5w@marriott.com,Male,116.186.168.209
214,Odie,Jermyn,ojermyn5x@odnoklassniki.ru,Agender,86.11.9.184
215,Scarlett,Brum,sbrum5y@squarespace.com,Female,233.53.72.214
216,Byrann,Foy,bfoy5z@usgs.gov,Male,50.178.221.217
217,Clemmie,Stoddard,cstoddard60@ed.gov,Male,50.235.202.76
218,Cassi,Daines,cdaines61@hexun.com,Female,221.239.67.15
219,Toddie,Fears,tfears62@youtu.be,Agender,140.23.25.130
220,Amabelle,Govan,agovan63@ft.com,Female,251.144.234.252
221,Brinna,Rennix,brennix64@slashdot.org,Female,227.211.84.80
222,Brynn,Hartgill,bhartgill65@ftc.gov,Female,231.86.248.101
223,Erny,Carrivick,ecarrivick66@cbslocal.com,Male,203.147.141.227
224,Frankie,Pauleau,fpauleau67@vkontakte.ru,Genderfluid,109.75.104.21
225,Fernanda,Kovalski,fkovalski68@sakura.ne.jp,Genderqueer,255.179.24.253
226,Leese,Symper,lsymper69@uiuc.edu,Female,184.65.87.136
227,Corrie,Gingedale,cgingedale6a@friendfeed.com,Male,43.141.201.126
228,Deeann,Bullocke,dbullocke6b@desdev.cn,Female,68.168.129.158
229,Susann,O'Crotty,socrotty6c@usatoday.com,Female,209.246.84.29
230,Shermy,Barnwall,sbarnwall6d@soup.io,Male,55.215.58.32
231,Kristoforo,Blockey,kblockey6e@msn.com,Polygender,254.26.89.108
232,Julian,Goves,jgoves6f@reference.com,Agender,29.190.165.207
233,Auria,Mully,amully6g@hatena.ne.jp,Female,19.69.68.74
234,Paula,Druce,pdruce6h@gravatar.com,Female,163.165.64.88
235,Craggy,Feavearyear,cfeavearyear6i@dedecms.com,Male,252.202.86.232
236,Xavier,Maskill,xmaskill6j@indiatimes.com,Male,216.5.19.109
237,Vera,Montilla,vmontilla6k@engadget.com,Female,137.54.219.240
238,Janella,Bulter,jbulter6l@issuu.com,Polygender,171.95.109.159
239,Arv,McCurley,amccurley6m@slate.com,Male,252.200.74.189
240,Tasha,Fall,tfall6n@unc.edu,Female,45.187.123.250
241,Jemie,Gordon,jgordon6o@springer.com,Female,106.236.227.86
242,Zora,Chrystal,zchrystal6p@wsj.com,Female,77.131.57.40
243,Maribeth,Saull,msaull6q@purevolume.com,Female,73.190.122.247
244,Sanders,Elbourn,selbourn6r@noaa.gov,Male,119.127.162.214
245,Lotty,Itzak,litzak6s@house.gov,Genderfluid,135.45.140.81
246,Amelie,Govier,agovier6t@discuz.net,Female,197.25.203.205
247,Paxton,Naisbitt,pnaisbitt6u@jiathis.com,Male,65.134.13.69
248,Neila,Franceschi,nfranceschi6v@google.fr,Female,199.117.19.193
249,Merline,Howley,mhowley6w@umich.edu,Female,1.237.23.185
250,Ibbie,Seage,iseage6x@upenn.edu,Female,64.63.45.189
251,Felice,Truluck,ftruluck6y@nydailynews.com,Male,96.103.1.130
252,Darleen,Weatherburn,dweatherburn6z@ihg.com,Female,235.165.70.26
253,Ondrea,de Verson,odeverson70@addtoany.com,Female,157.89.235.64
254,Currey,Barsham,cbarsham71@jiathis.com,Male,130.183.42.87
255,Twila,Bernardeschi,tbernardeschi72@google.com.br,Agender,179.3.54.187
256,Leeland,Van Dale,lvandale73@bloomberg.com,Non-binary,221.59.124.2
257,Osbourne,Thrush,othrush74@marketwatch.com,Male,2.49.154.214
258,Zelda,Petcher,zpetcher75@networkadvertising.org,Polygender,11.193.232.84
259,Siusan,Lashford,slashford76@ft.com,Female,238.189.173.62
260,Teressa,Sandels,tsandels77@ebay.com,Female,190.3.92.75
261,Agatha,Essex,aessex78@businessweek.com,Female,177.253.208.135
262,William,Kirsch,wkirsch79@macromedia.com,Male,2.16.34.133
263,Dennie,McComiskey,dmccomiskey7a@furl.net,Male,88.3.171.6
264,Chelsea,Seiller,cseiller7b@moonfruit.com,Female,140.198.166.83
265,Delaney,Maliphant,dmaliphant7c@ow.ly,Male,48.78.5.144
266,Alicia,Heild,aheild7d@wordpress.org,Female,77.232.180.80
267,Lulu,Stoyles,lstoyles7e@biblegateway.com,Female,176.241.22.208
268,Wylma,Deem,wdeem7f@tamu.edu,Female,130.214.36.218
269,Sylvan,Stentiford,sstentiford7g@smugmug.com,Male,226.29.0.68
270,Red,Charkham,rcharkham7h@mayoclinic.com,Male,186.155.133.21
271,Josy,Braney,jbraney7i@seesaa.net,Female,45.169.158.127
272,Deane,Heppner,dheppner7j@mysql.com,Male,78.36.43.226
273,Brear,Ogborn,bogborn7k@epa.gov,Female,134.232.60.212
274,Lamar,Slateford,lslateford7l@parallels.com,Male,105.138.143.10
275,Alvan,Hess,ahess7m@ibm.com,Male,192.187.163.27
276,Mose,Bienvenu,mbienvenu7n@netscape.com,Male,72.243.109.60
277,Padraic,MacMeanma,pmacmeanma7o@ucoz.ru,Male,185.114.67.88
278,Georgi,Bleue,gbleue7p@bloomberg.com,Male,30.52.225.184
279,Wilbert,Ettridge,wettridge7q@foxnews.com,Male,145.48.76.229
280,Tobin,Francello,tfrancello7r@wufoo.com,Male,118.142.2.166
281,Mindy,Madgwich,mmadgwich7s@tripod.com,Female,185.183.221.135
282,Anton,Andriolli,aandriolli7t@hostgator.com,Male,225.178.5.240
283,Gleda,Chimienti,gchimienti7u@bravesites.com,Female,227.140.139.126
284,Brandyn,Hark,bhark7v@wsj.com,Male,146.80.81.228
285,Jordon,Vanin,jvanin7w@gizmodo.com,Male,249.250.168.196
286,Modesta,Harmeston,mharmeston7x@cornell.edu,Female,191.185.181.84
287,Odie,Mattielli,omattielli7y@liveinternet.ru,Male,146.207.37.18
288,Jess,Guilloton,jguilloton7z@slideshare.net,Female,177.173.10.160
289,Silvie,Dorbin,sdorbin80@omniture.com,Female,148.235.31.234
290,Lilas,Biesterfeld,lbiesterfeld81@nature.com,Female,204.3.110.16
291,Neil,Sperrett,nsperrett82@list-manage.com,Male,153.16.177.120
292,Tome,Krollman,tkrollman83@amazon.com,Bigender,39.139.20.42
293,Robinett,Bordis,rbordis84@deviantart.com,Female,80.26.206.223
294,Marilee,Blyth,mblyth85@twitter.com,Female,161.230.120.199
295,Laryssa,Ephson,lephson86@patch.com,Female,15.13.249.209
296,Corrie,Held,cheld87@lycos.com,Female,248.5.116.17
297,Micah,O'Quin,moquin88@51.la,Male,148.171.232.99
298,Raffaello,Teanby,rteanby89@posterous.com,Male,176.202.228.109
299,Hillie,Cressar,hcressar8a@miibeian.gov.cn,Agender,127.118.243.184
300,Preston,Ranscomb,pranscomb8b@so-net.ne.jp,Male,189.198.170.67
301,Sallyanne,Rapper,srapper8c@webeden.co.uk,Polygender,162.56.70.202
302,Fanchette,Dumper,fdumper8d@shutterfly.com,Female,88.104.30.62
303,Angy,Trye,atrye8e@narod.ru,Female,9.61.127.134
304,Hattie,McGrale,hmcgrale8f@storify.com,Female,179.183.52.98
305,Joline,Tierny,jtierny8g@cdbaby.com,Bigender,160.204.246.249
306,Ryun,Hymans,rhymans8h@comcast.net,Male,246.221.236.154
307,Lodovico,Papachristophorou,lpapachristophorou8i@theglobeandmail.com,Male,14.193.204.177
308,Tiphanie,Dinkin,tdinkin8j@berkeley.edu,Female,53.232.28.245
309,Duky,Daine,ddaine8k@dmoz.org,Male,212.239.3.1
310,Luis,Gerrietz,lgerrietz8l@topsy.com,Male,88.194.227.57
311,Hubey,Lotte,hlotte8m@vistaprint.com,Male,35.114.234.160
312,Wilt,Giral,wgiral8n@google.pl,Male,236.2.109.71
313,Tamara,Balle,tballe8o@hexun.com,Polygender,49.54.56.10
314,Jasen,Lepick,jlepick8p@hugedomains.com,Male,178.120.70.232
315,Andrew,Lee,alee8q@g.co,Male,180.247.59.254
316,Ardis,Vequaud,avequaud8r@toplist.cz,Female,212.208.71.166
317,Hayes,Mangon,hmangon8s@mozilla.org,Male,199.94.213.42
318,Fannie,Pert,fpert8t@nhs.uk,Female,176.118.242.40
319,Devy,Abry,dabry8u@cyberchimps.com,Male,173.133.217.208
320,Alexis,Pattemore,apattemore8v@stanford.edu,Male,209.254.21.202
321,Mordecai,Davidovitz,mdavidovitz8w@webeden.co.uk,Male,43.139.69.113
322,Kliment,Pideon,kpideon8x@newsvine.com,Male,53.179.137.239
323,Carolan,Barczewski,cbarczewski8y@linkedin.com,Female,241.160.58.231
324,Yoko,Dooher,ydooher8z@harvard.edu,Female,5.15.58.118
325,Gaspar,Leopold,gleopold90@constantcontact.com,Male,254.65.234.183
326,Tamarra,Yeardsley,tyeardsley91@ameblo.jp,Female,72.159.82.213
327,Gran,Renad,grenad92@nps.gov,Male,51.159.156.120
328,Perle,Arni,parni93@live.com,Genderfluid,203.43.216.7
329,Clair,Sharrier,csharrier94@stumbleupon.com,Female,130.244.220.31
330,Martguerita,Battisson,mbattisson95@vimeo.com,Female,61.225.16.74
331,Ardath,Demogeot,ademogeot96@sun.com,Female,0.170.94.74
332,Grange,Watterson,gwatterson97@salon.com,Agender,30.41.168.197
333,Arel,Showers,ashowers98@sfgate.com,Male,240.124.101.229
334,Melessa,Okroy,mokroy99@123-reg.co.uk,Female,101.102.101.31
335,Rycca,McPeice,rmcpeice9a@oaic.gov.au,Female,69.78.184.53
336,Giacobo,Stutard,gstutard9b@nyu.edu,Male,200.57.115.155
337,Keefer,Merman,kmerman9c@51.la,Male,226.26.197.26
338,Karin,Blumfield,kblumfield9d@amazon.co.jp,Non-binary,233.39.189.254
339,Felisha,Smedley,fsmedley9e@economist.com,Female,1.153.166.181
340,Pail,Mettrick,pmettrick9f@reverbnation.com,Male,179.65.183.199
341,Mannie,Nobles,mnobles9g@go.com,Male,240.203.36.150
342,Mignon,Philippeaux,mphilippeaux9h@mit.edu,Female,204.218.31.198
343,Murdoch,Hiddy,mhiddy9i@statcounter.com,Male,148.250.187.118
344,Jodie,Velti,jvelti9j@toplist.cz,Male,158.237.144.238
345,Dare,Wyne,dwyne9k@fc2.com,Male,250.231.58.171
346,Trevor,Tew,ttew9l@thetimes.co.uk,Male,169.147.118.191
347,Nadiya,Szepe,nszepe9m@blogtalkradio.com,Female,164.176.164.202
348,Inez,Shrawley,ishrawley9n@squidoo.com,Female,179.48.169.127
349,Rudie,Herculson,rherculson9o@yellowbook.com,Male,164.24.149.114
350,Magdalena,Leglise,mleglise9p@geocities.jp,Female,61.33.116.82
351,Emmy,Essel,eessel9q@sfgate.com,Male,194.88.93.38
352,Jarrod,De Meyer,jdemeyer9r@creativecommons.org,Male,57.238.181.51
353,Yehudit,Geal,ygeal9s@uol.com.br,Male,125.245.202.157
354,Dawna,Mc Meekin,dmcmeekin9t@chicagotribune.com,Bigender,17.64.111.177
355,Jenn,Bricknell,jbricknell9u@wp.com,Female,241.125.211.184
356,Nettle,Northern,nnorthern9v@army.mil,Female,234.93.189.64
357,Deina,McCarter,dmccarter9w@phoca.cz,Female,52.253.8.160
358,Iolanthe,Mauditt,imauditt9x@purevolume.com,Female,233.136.14.29
359,Bernette,Irvin,birvin9y@alexa.com,Non-binary,152.123.127.69
360,Xenia,Burberye,xburberye9z@foxnews.com,Female,124.106.215.167
361,Sheffield,Harlow,sharlowa0@jigsy.com,Male,197.98.3.83
362,Flint,Leethem,fleethema1@phoca.cz,Male,117.208.115.63
363,Jayson,Missen,jmissena2@google.com.au,Genderfluid,193.173.226.247
364,Olin,Reubel,oreubela3@archive.org,Male,51.160.190.224
365,Carlina,Drillot,cdrillota4@google.nl,Bigender,54.81.47.248
366,Chiarra,Ginn,cginna5@va.gov,Female,57.119.66.197
367,Teirtza,Ivasyushkin,tivasyushkina6@zdnet.com,Female,111.250.241.73
368,Lewiss,Whiffin,lwhiffina7@example.com,Male,224.7.237.148
369,Von,Wigfield,vwigfielda8@cam.ac.uk,Male,108.56.250.15
370,Allx,Stannus,astannusa9@sakura.ne.jp,Female,166.236.4.169
371,Jeana,Testro,jtestroaa@forbes.com,Female,146.190.47.126
372,Mack,Kneal,mknealab@youtube.com,Male,52.28.223.138
373,Mildrid,Allinson,mallinsonac@skyrock.com,Female,67.88.221.251
374,Leroi,Grafton,lgraftonad@jimdo.com,Male,170.78.157.14
375,Maribelle,Brasted,mbrastedae@php.net,Female,123.232.145.205
376,Morrie,Flemmich,mflemmichaf@i2i.jp,Male,211.213.33.24
377,Carita,Samsonsen,csamsonsenag@odnoklassniki.ru,Female,236.216.199.76
378,Daryle,Rowcliffe,drowcliffeah@spiegel.de,Polygender,181.108.20.42
379,Skipper,Blaksland,sblakslandai@xrea.com,Male,218.34.7.61
380,Daisie,Rainton,draintonaj@census.gov,Female,18.172.181.28
381,Baron,Leahey,bleaheyak@parallels.com,Male,54.175.165.2
382,Daffy,Fall,dfallal@netvibes.com,Female,52.217.241.192
383,Marne,De Castri,mdecastriam@cbslocal.com,Female,25.195.253.191
384,Maudie,Dabell,mdabellan@sphinn.com,Bigender,31.122.228.162
385,Valina,Guillot,vguillotao@pinterest.com,Female,58.243.109.238
386,Crissie,Sigsworth,csigsworthap@comcast.net,Female,172.62.251.148
387,Ronnie,Dixey,rdixeyaq@ow.ly,Female,73.245.239.254
388,Ines,Ivory,iivoryar@bloglines.com,Female,164.63.91.181
389,Adolphe,Vanns,avannsas@wordpress.com,Male,185.97.170.56
390,Ludwig,Nobbs,lnobbsat@eepurl.com,Male,52.156.71.0
391,Ibbie,Peirson,ipeirsonau@disqus.com,Female,226.30.130.188
392,Lavina,Gwatkins,lgwatkinsav@miitbeian.gov.cn,Female,195.242.106.210
393,Holmes,Boggers,hboggersaw@creativecommons.org,Male,122.59.105.40
394,Elfrida,Ortell,eortellax@chronoengine.com,Female,32.56.87.227
395,Shirlee,Janssens,sjanssensay@un.org,Agender,88.165.165.123
396,Felicdad,Brader,fbraderaz@bluehost.com,Female,148.168.166.156
397,Ludovico,Edser,ledserb0@omniture.com,Male,210.147.63.31
398,Chucho,Gallafant,cgallafantb1@ca.gov,Male,65.91.244.214
399,Salaidh,Jeal,sjealb2@nationalgeographic.com,Female,77.114.203.76
400,Hunter,Allot,hallotb3@lycos.com,Male,84.124.102.163
401,Morganica,Raywood,mraywoodb4@so-net.ne.jp,Female,68.174.231.4
402,Aloysius,Zold,azoldb5@flavors.me,Male,2.121.134.244
403,Rutledge,Johanssen,rjohanssenb6@mashable.com,Bigender,210.105.69.214
404,Dolores,Wegner,dwegnerb7@about.com,Female,60.255.114.108
405,Kimberly,Sackett,ksackettb8@reference.com,Female,203.237.97.127
406,Guthry,Beevor,gbeevorb9@hugedomains.com,Male,21.95.26.226
407,Fairleigh,Saddleton,fsaddletonba@nature.com,Male,237.120.210.18
408,Palmer,Treves,ptrevesbb@ehow.com,Male,118.76.221.110
409,Kalli,Willarton,kwillartonbc@prweb.com,Female,117.97.221.53
410,Pedro,Howlett,phowlettbd@whitehouse.gov,Male,192.43.227.200
411,Ludovika,Hounsome,lhounsomebe@noaa.gov,Female,253.132.246.249
412,Elie,McLane,emclanebf@mit.edu,Female,228.195.164.111
413,Elliot,Walsh,ewalshbg@hexun.com,Male,4.106.218.221
414,Frederico,Morston,fmorstonbh@quantcast.com,Male,131.57.215.50
415,Griffie,Elliman,gellimanbi@psu.edu,Male,45.154.11.32
416,Caresse,Handford,chandfordbj@tripod.com,Female,208.155.183.243
417,Melody,McKeggie,mmckeggiebk@opensource.org,Female,210.233.157.235
418,Ethelyn,Hawford,ehawfordbl@google.com.hk,Female,21.199.73.42
419,Bruno,Simson,bsimsonbm@cnet.com,Bigender,202.202.75.245
420,Corabella,Viner,cvinerbn@amazon.com,Female,169.220.5.105
421,Delbert,Brenneke,dbrennekebo@typepad.com,Male,114.137.23.187
422,Angie,Bignell,abignellbp@statcounter.com,Female,81.239.79.141
423,Delores,Kybert,dkybertbq@cyberchimps.com,Female,2.200.228.73
424,Nerti,Trippitt,ntrippittbr@nytimes.com,Female,246.95.82.26
425,Ky,Plascott,kplascottbs@dropbox.com,Polygender,63.158.102.137
426,Ebonee,Hradsky,ehradskybt@jugem.jp,Female,35.235.181.211
427,Deerdre,Henryson,dhenrysonbu@jugem.jp,Female,16.77.38.10
428,Chad,Perkis,cperkisbv@wufoo.com,Female,25.189.3.68
429,Alaster,Rennles,arennlesbw@51.la,Male,142.90.11.59
430,Davon,Burburough,dburburoughbx@netvibes.com,Male,211.52.139.91
431,Felix,Tyers,ftyersby@techcrunch.com,Male,162.14.177.72
432,Valdemar,Dorcey,vdorceybz@cargocollective.com,Male,71.3.110.117
433,Agnes,Sesser,asesserc0@gmpg.org,Non-binary,197.185.210.210
434,Abraham,Waldron,awaldronc1@quantcast.com,Male,40.93.74.226
435,Quint,Buckthought,qbuckthoughtc2@cbc.ca,Male,28.134.218.20
436,Maia,Bavridge,mbavridgec3@yelp.com,Female,186.75.89.164
437,Kenyon,Whitwham,kwhitwhamc4@cpanel.net,Male,72.114.28.165
438,Hallsy,Degoe,hdegoec5@wired.com,Male,252.28.190.220
439,Joel,Murricanes,jmurricanesc6@g.co,Male,27.191.43.25
440,Emalee,Addionizio,eaddionizioc7@bbb.org,Female,235.255.20.74
441,Paton,Joyson,pjoysonc8@wikispaces.com,Male,178.22.213.223
442,Jan,Canham,jcanhamc9@desdev.cn,Female,239.45.31.75
443,Basile,Dufoure,bdufoureca@google.it,Male,42.181.250.53
444,Roderic,Escalera,rescaleracb@facebook.com,Male,36.66.32.17
445,Nissie,Caherny,ncahernycc@clickbank.net,Female,112.19.169.196
446,Tilly,Trayton,ttraytoncd@webeden.co.uk,Genderqueer,87.52.44.252
447,Bethina,Falla,bfallace@delicious.com,Female,181.170.223.132
448,Tamqrah,de Courcy,tdecourcycf@tripod.com,Female,217.64.100.33
449,Calypso,O'Doherty,codohertycg@macromedia.com,Non-binary,18.1.128.12
450,Ami,Heisler,aheislerch@wikia.com,Female,248.250.193.162
451,Alvie,Ellacombe,aellacombeci@cnet.com,Male,20.248.232.50
452,Kittie,Taggert,ktaggertcj@eventbrite.com,Female,214.160.200.55
453,Shannon,MacCurlye,smaccurlyeck@surveymonkey.com,Female,180.65.44.247
454,Emiline,Kleehuhler,ekleehuhlercl@artisteer.com,Female,92.148.218.90
455,Ruggiero,Licciardi,rlicciardicm@hugedomains.com,Male,152.133.59.48
456,Zaria,Monday,zmondaycn@yolasite.com,Bigender,184.53.75.47
457,Vitoria,Rivett,vrivettco@youtu.be,Female,111.54.200.124
458,Udall,Massey,umasseycp@wufoo.com,Male,17.122.122.168
459,Ulrike,Tutton,ututtoncq@mail.ru,Female,42.176.59.115
460,Paula,Jeakins,pjeakinscr@soundcloud.com,Female,57.123.80.37
461,Archibald,Limprecht,alimprechtcs@elegantthemes.com,Male,80.50.149.161
462,Lexy,Timbs,ltimbsct@ted.com,Non-binary,191.51.130.87
463,Herschel,Klyner,hklynercu@w3.org,Male,97.209.19.138
464,Kissee,Lukasen,klukasencv@pcworld.com,Female,115.9.14.136
465,Tony,Hertwell,thertwellcw@cbslocal.com,Female,212.238.125.33
466,Wilburt,Seiler,wseilercx@nyu.edu,Male,38.73.14.249
467,Michelle,Camps,mcampscy@furl.net,Non-binary,230.126.233.133
468,Evangelina,Bengtsen,ebengtsencz@oakley.com,Female,156.248.224.211
469,Porty,Circuit,pcircuitd0@barnesandnoble.com,Male,110.161.81.224
470,Selby,Littlepage,slittlepaged1@google.ca,Male,234.154.232.121
471,Camille,Mish,cmishd2@dion.ne.jp,Female,117.204.130.20
472,Pascal,Vader,pvaderd3@yandex.ru,Male,233.59.202.2
473,Ferdinanda,Sacker,fsackerd4@barnesandnoble.com,Female,43.97.254.30
474,Rochester,Baroux,rbarouxd5@cdc.gov,Male,163.26.228.48
475,Ruthy,Butterick,rbutterickd6@nbcnews.com,Female,134.68.229.244
476,Chandler,McDarmid,cmcdarmidd7@booking.com,Male,121.176.64.76
477,Kaitlyn,Ovington,kovingtond8@walmart.com,Female,200.174.67.204
478,Wallis,Wittier,wwittierd9@washingtonpost.com,Male,167.164.162.236
479,Lamar,Simeonov,lsimeonovda@narod.ru,Male,224.18.117.203
480,Kay,Gwynn,kgwynndb@photobucket.com,Female,241.184.235.28
481,Nissy,Bonnick,nbonnickdc@hhs.gov,Female,150.177.2.223
482,Newton,Heijne,nheijnedd@salon.com,Male,101.231.106.95
483,Arel,Heningham,aheninghamde@aboutads.info,Male,186.25.221.208
484,Kessia,Grimsdale,kgrimsdaledf@psu.edu,Female,61.156.73.82
485,Karita,Skeermor,kskeermordg@ca.gov,Female,90.168.138.207
486,Garek,Flay,gflaydh@fotki.com,Male,191.147.138.147
487,Mickey,Studde,mstuddedi@archive.org,Male,213.38.69.31
488,Dulcine,Le Breton De La Vieuville,dlebretondelavieuvilledj@cbsnews.com,Female,207.192.118.42
489,Mara,Jellybrand,mjellybranddk@wikia.com,Female,74.237.79.111
490,Beret,Speariett,bspeariettdl@reverbnation.com,Female,69.163.130.187
491,Andra,Willshire,awillshiredm@paginegialle.it,Female,165.168.132.253
492,Ferdinande,Arckoll,farckolldn@boston.com,Female,104.100.24.179
493,Arch,Mateev,amateevdo@cnbc.com,Male,38.52.163.2
494,Thibaud,Wadham,twadhamdp@examiner.com,Male,172.90.40.123
495,Elroy,Watkiss,ewatkissdq@bizjournals.com,Male,249.168.101.53
496,Reinald,Smullen,rsmullendr@exblog.jp,Male,193.201.99.185
497,Randy,McGlaughn,rmcglaughnds@ocn.ne.jp,Female,29.195.245.127
498,Leodora,Fulstow,lfulstowdt@arizona.edu,Female,236.198.65.46
499,Dore,Fee,dfeedu@amazon.co.jp,Female,96.46.205.148
500,Lawton,Bracegirdle,lbracegirdledv@cpanel.net,Male,100.179.37.182
501,Maury,Glencrosche,mglencroschedw@opera.com,Male,244.185.191.148
502,Isabelle,McGill,imcgilldx@livejournal.com,Female,27.170.202.252
503,Odele,Gerhts,ogerhtsdy@issuu.com,Female,5.167.24.253
504,Luella,McGilvary,lmcgilvarydz@xing.com,Female,213.134.41.28
505,Sunny,Balke,sbalkee0@nsw.gov.au,Male,115.42.134.248
506,Leigha,Dodshon,ldodshone1@cpanel.net,Female,159.194.148.6
507,Cathy,McClounan,cmcclounane2@gmpg.org,Female,63.188.85.37
508,Blondelle,Haythornthwaite,bhaythornthwaitee3@qq.com,Female,246.35.254.237
509,Jerry,Grizard,jgrizarde4@odnoklassniki.ru,Male,238.158.116.240
510,Elane,Saw,esawe5@ucla.edu,Female,33.1.89.55
511,Randolf,Flemmich,rflemmiche6@auda.org.au,Male,80.136.193.154
512,Anthia,Hauxwell,ahauxwelle7@nasa.gov,Female,206.144.110.98
513,Kimbell,Elsmore,kelsmoree8@statcounter.com,Male,237.174.172.248
514,Foster,Millhill,fmillhille9@mlb.com,Male,22.91.198.35
515,Kenyon,Lurner,klurnerea@yelp.com,Male,3.218.218.187
516,Manon,Steward,mstewardeb@skype.com,Female,166.201.131.59
517,Farley,McTerry,fmcterryec@ucoz.ru,Male,76.96.90.12
518,Zilvia,Maneylaws,zmaneylawsed@usgs.gov,Female,82.125.121.137
519,Syman,Corns,scornsee@paginegialle.it,Male,142.9.191.143
520,Fernando,Wastall,fwastallef@t-online.de,Male,227.198.209.4
521,Cordell,Ashdown,cashdowneg@ucoz.ru,Male,210.96.69.181
522,Stephan,Jamme,sjammeeh@va.gov,Male,135.158.1.183
523,Allina,Wanklin,awanklinei@opera.com,Female,73.232.187.77
524,Duncan,Burgess,dburgessej@wisc.edu,Male,169.111.5.137
525,Ben,Treanor,btreanorek@amazonaws.com,Male,199.206.53.139
526,Andras,Forestel,aforestelel@pinterest.com,Male,228.131.149.100
527,Danielle,Franzewitch,dfranzewitchem@360.cn,Female,205.212.246.151
528,Robbin,Ackeroyd,rackeroyden@discovery.com,Female,15.14.6.249
529,Don,Siggs,dsiggseo@surveymonkey.com,Male,28.41.83.47
530,Udall,Avramovitz,uavramovitzep@yale.edu,Male,148.27.131.116
531,Chilton,Mundle,cmundleeq@mozilla.com,Male,179.52.240.149
532,Loria,Bouch,lboucher@huffingtonpost.com,Female,241.224.162.11
533,Clarette,Tice,cticees@smh.com.au,Genderqueer,197.248.163.231
534,Sephira,Levett,slevettet@google.es,Female,190.137.75.250
535,Sibby,Speerman,sspeermaneu@qq.com,Female,11.53.234.194
536,Morey,Tanswell,mtanswellev@state.gov,Male,145.131.197.32
537,Issiah,Assiter,iassiterew@independent.co.uk,Male,43.115.208.225
538,Carly,Dyet,cdyetex@chron.com,Genderfluid,201.145.186.113
539,Clarice,Pelerin,cpeleriney@dedecms.com,Female,68.8.86.25
540,Nanice,Dadge,ndadgeez@quantcast.com,Female,114.92.37.124
541,Aluin,Belford,abelfordf0@bbb.org,Male,102.14.187.24
542,Fara,Antrag,fantragf1@skype.com,Female,209.100.3.177
543,Goldi,Magwood,gmagwoodf2@dailymotion.com,Female,45.239.217.77
544,Grantley,Taffee,gtaffeef3@geocities.com,Male,136.254.27.212
545,Euell,Adran,eadranf4@wufoo.com,Male,75.52.200.244
546,Madelyn,Sprigg,mspriggf5@buzzfeed.com,Female,205.127.110.58
547,Sophia,Janaszewski,sjanaszewskif6@t.co,Female,125.191.202.65
548,Jonathan,Ogbourne,jogbournef7@cafepress.com,Male,28.39.44.240
549,Drusy,Burlingame,dburlingamef8@businessinsider.com,Female,153.153.67.139
550,Zed,Scolts,zscoltsf9@state.gov,Male,36.6.115.84
551,Athene,Velti,aveltifa@washingtonpost.com,Female,146.231.204.19
552,Lorenzo,Faldoe,lfaldoefb@lulu.com,Male,112.178.32.249
553,Karel,Webby,kwebbyfc@addthis.com,Male,199.32.102.84
554,Hayden,Truscott,htruscottfd@blogspot.com,Male,173.120.193.230
555,Rodolphe,Stuchbury,rstuchburyfe@prweb.com,Non-binary,209.48.249.20
556,Thea,Atyea,tatyeaff@blogger.com,Female,223.10.154.213
557,Melinde,Duell,mduellfg@jiathis.com,Female,155.110.141.176
558,Gabriello,Littlewood,glittlewoodfh@cocolog-nifty.com,Male,224.161.203.240
559,Jedidiah,Corssen,jcorssenfi@dagondesign.com,Male,182.159.154.18
560,Marwin,Feltoe,mfeltoefj@altervista.org,Male,234.64.91.45
561,Emylee,Ramshaw,eramshawfk@washington.edu,Female,152.121.50.217
562,Munmro,Spottiswood,mspottiswoodfl@ameblo.jp,Male,177.51.217.17
563,Cass,Pawling,cpawlingfm@icq.com,Male,192.233.222.183
564,Jason,Ormston,jormstonfn@ftc.gov,Male,182.54.235.254
565,Darin,Cutmare,dcutmarefo@aboutads.info,Male,3.45.36.67
566,Anna-diana,Kauscher,akauscherfp@blog.com,Bigender,132.122.169.190
567,Harriette,Sandercock,hsandercockfq@biblegateway.com,Female,193.202.134.156
568,Falito,Kennefick,fkennefickfr@usatoday.com,Male,144.11.182.68
569,Sayer,McClaurie,smcclauriefs@paginegialle.it,Male,171.110.36.182
570,Floyd,Dinjes,fdinjesft@wordpress.org,Male,182.14.96.155
571,Ola,Joliffe,ojoliffefu@slideshare.net,Female,92.86.118.50
572,Tabina,Verrechia,tverrechiafv@nsw.gov.au,Female,244.10.67.190
573,Gordan,Willshee,gwillsheefw@typepad.com,Male,144.216.190.238
574,Corilla,Sigars,csigarsfx@unicef.org,Female,119.87.39.136
575,Glynis,Thornewell,gthornewellfy@addthis.com,Female,188.158.79.195
576,Timmi,Worner,twornerfz@skype.com,Female,46.249.39.55
577,Goddard,Willstrop,gwillstropg0@dagondesign.com,Male,144.115.193.24
578,Sandro,MacIan,smaciang1@tinypic.com,Male,145.79.17.221
579,Sam,Pudden,spuddeng2@sun.com,Female,28.203.190.204
580,Trumann,Lezemere,tlezemereg3@pcworld.com,Male,157.192.154.5
581,Trude,Pengilly,tpengillyg4@uol.com.br,Genderfluid,71.111.210.139
582,Jacklyn,Huskisson,jhuskissong5@sohu.com,Female,202.137.232.219
583,Marris,Kreuzer,mkreuzerg6@lulu.com,Female,115.178.11.35
584,Lilias,Deetlefs,ldeetlefsg7@home.pl,Genderfluid,138.165.193.33
585,Adrian,Kniveton,aknivetong8@squarespace.com,Male,82.102.43.128
586,Zabrina,Goding,zgodingg9@tamu.edu,Female,196.197.213.2
587,Rudy,Fihelly,rfihellyga@ihg.com,Male,209.227.175.74
588,Brantley,Baccus,bbaccusgb@is.gd,Male,188.60.15.221
589,Nefen,Leggs,nleggsgc@infoseek.co.jp,Male,146.13.228.14
590,Timmi,Kinleyside,tkinleysidegd@constantcontact.com,Female,228.9.112.218
591,Esmeralda,Bentley,ebentleyge@moonfruit.com,Female,110.29.18.163
592,Cornie,Birdseye,cbirdseyegf@reddit.com,Female,172.51.65.55
593,Ryann,Sheryne,rsherynegg@about.com,Female,121.192.91.137
594,Grantley,Rosenzveig,grosenzveiggh@blinklist.com,Male,168.24.230.175
595,Bar,Mordecai,bmordecaigi@uiuc.edu,Male,111.165.223.93
596,Nikkie,Arnoud,narnoudgj@weibo.com,Female,72.89.153.150
597,Corabelle,Rakes,crakesgk@newsvine.com,Female,248.211.192.93
598,Boniface,Tappor,btapporgl@merriam-webster.com,Male,63.63.230.208
599,Ashlin,Donnell,adonnellgm@weebly.com,Male,91.45.64.12
600,Marthena,Brereton,mbreretongn@artisteer.com,Female,70.183.171.113
601,Goraud,Hynes,ghynesgo@yellowbook.com,Male,60.219.92.108
602,Wolf,Esley,wesleygp@adobe.com,Agender,117.147.32.1
603,Darline,Townrow,dtownrowgq@tinypic.com,Female,39.241.35.125
604,Linc,Emes,lemesgr@imdb.com,Male,36.125.96.102
605,Etan,Ainsley,eainsleygs@wordpress.org,Male,137.5.69.192
606,Eldin,Chitty,echittygt@indiatimes.com,Male,237.249.122.60
607,Hymie,Paulmann,hpaulmanngu@theglobeandmail.com,Male,62.96.47.127
608,Theodore,Smaleman,tsmalemangv@blogspot.com,Male,224.244.103.49
609,Gaultiero,Innis,ginnisgw@imdb.com,Male,139.210.17.254
610,Tommy,Wegner,twegnergx@noaa.gov,Male,144.187.254.33
611,Drud,Radmore,dradmoregy@1688.com,Male,65.98.108.91
612,Moina,Elcocks,melcocksgz@rambler.ru,Female,234.198.84.160
613,Jase,Wittey,jwitteyh0@china.com.cn,Male,141.41.101.241
614,Harli,Freeland,hfreelandh1@jugem.jp,Female,138.15.133.179
615,Glen,Dowsing,gdowsingh2@reddit.com,Female,166.108.199.70
616,Cesaro,O'Dowgaine,codowgaineh3@rakuten.co.jp,Male,52.148.145.99
617,Glennis,Maplethorp,gmaplethorph4@yolasite.com,Female,24.220.9.38
618,Hercule,Francescotti,hfrancescottih5@skyrock.com,Male,160.208.195.75
619,Bren,Eccleston,becclestonh6@sfgate.com,Female,164.176.202.202
620,Rozina,Batchellor,rbatchellorh7@nba.com,Female,233.178.58.105
621,Dina,Reader,dreaderh8@usda.gov,Female,187.255.139.155
622,Sutton,Dauber,sdauberh9@yahoo.com,Male,25.212.153.8
623,Hewe,Jime,hjimeha@youtu.be,Male,13.55.240.72
624,Christoforo,Niccols,cniccolshb@ed.gov,Male,128.30.180.28
625,Catharina,McGlynn,cmcglynnhc@reference.com,Female,118.85.26.9
626,Gerald,Messenbird,gmessenbirdhd@altervista.org,Male,192.165.104.59
627,Bartholomew,Lapthorne,blapthornehe@i2i.jp,Male,110.65.192.205
628,Mord,Clissell,mclissellhf@slashdot.org,Male,51.158.191.54
629,Pembroke,Dewen,pdewenhg@smh.com.au,Male,20.61.192.67
630,Carry,Ginty,cgintyhh@mozilla.org,Female,222.144.232.158
631,Courtney,Quene,cquenehi@ehow.com,Male,47.31.241.117
632,Carmelina,Houlton,choultonhj@blog.com,Female,157.110.107.201
633,Joshua,Grewar,jgrewarhk@thetimes.co.uk,Male,234.181.37.90
634,Harbert,Dalyell,hdalyellhl@amazon.com,Male,179.17.108.37
635,Rick,Capell,rcapellhm@behance.net,Male,139.63.102.210
636,Zorine,Ritter,zritterhn@hud.gov,Female,88.204.204.173
637,Lea,Walkington,lwalkingtonho@amazonaws.com,Female,6.12.188.12
638,Haleigh,Lehon,hlehonhp@mail.ru,Female,159.173.199.10
639,Janet,Stode,jstodehq@unc.edu,Female,166.167.160.58
640,Willabella,Guilliatt,wguilliatthr@issuu.com,Female,208.103.135.13
641,Margette,Burdis,mburdishs@oaic.gov.au,Female,253.5.98.112
642,Elsworth,Danielczyk,edanielczykht@nbcnews.com,Male,188.50.234.181
643,Collin,McGannon,cmcgannonhu@nhs.uk,Male,119.82.150.94
644,Cassandra,Eversley,ceversleyhv@google.ca,Female,146.132.151.44
645,Veda,Dodsworth,vdodsworthhw@japanpost.jp,Female,33.204.247.230
646,Cairistiona,Scholl,cschollhx@constantcontact.com,Female,45.129.134.156
647,Elinore,Mottram,emottramhy@constantcontact.com,Female,118.209.23.159
648,Torrance,George,tgeorgehz@wordpress.org,Bigender,17.84.213.117
649,Pammie,Fellows,pfellowsi0@businessweek.com,Female,115.165.149.230
650,Edie,Gowdy,egowdyi1@cam.ac.uk,Genderfluid,241.127.220.174
651,Gnni,Allenby,gallenbyi2@google.com.au,Female,20.190.248.50
652,Leslie,Methven,lmethveni3@goo.ne.jp,Male,181.92.75.112
653,Dani,Gunning,dgunningi4@ucoz.com,Female,125.54.95.205
654,Hamish,Krinks,hkrinksi5@dagondesign.com,Male,143.64.198.103
655,Nikki,Sterzaker,nsterzakeri6@go.com,Male,149.160.46.113
656,Christiano,Dods,cdodsi7@discuz.net,Male,215.223.58.149
657,Karly,Flemyng,kflemyngi8@weebly.com,Female,172.74.7.224
658,Lewes,Grindell,lgrindelli9@google.it,Male,131.40.73.6
659,Darnall,Buntine,dbuntineia@techcrunch.com,Male,34.172.209.22
660,Fred,Aymerich,faymerichib@devhub.com,Female,224.255.204.196
661,Mead,Lamacraft,mlamacraftic@google.com,Male,89.138.225.194
662,Augustine,Folkard,afolkardid@cnet.com,Female,110.213.31.77
663,Hedwig,Burlingame,hburlingameie@a8.net,Non-binary,15.171.190.77
664,Elisha,Larrat,elarratif@cargocollective.com,Male,62.205.148.135
665,Der,Wollen,dwollenig@goodreads.com,Male,59.217.188.86
666,Pammie,Antonomoli,pantonomoliih@bloglovin.com,Female,45.224.35.188
667,Liz,Elcoux,lelcouxii@tmall.com,Female,245.66.161.146
668,Frans,Darragon,fdarragonij@nsw.gov.au,Male,169.215.145.33
669,Cati,Malenoir,cmalenoirik@mac.com,Female,52.116.154.89
670,Vivyan,McConnulty,vmcconnultyil@zdnet.com,Genderfluid,36.39.75.48
671,Marlo,Lambird,mlambirdim@vimeo.com,Male,16.12.15.4
672,Mervin,Brasner,mbrasnerin@blogs.com,Male,190.64.242.17
673,Rolland,Lagden,rlagdenio@cocolog-nifty.com,Male,194.254.155.150
674,Christalle,Stonuary,cstonuaryip@house.gov,Female,171.200.74.96
675,Michael,Linkleter,mlinkleteriq@wsj.com,Male,77.146.185.238
676,Trudie,Wilhelmy,twilhelmyir@dell.com,Female,159.208.7.204
677,Alidia,Grzesiak,agrzesiakis@t.co,Female,158.57.101.6
678,Ansell,Nield,anieldit@ehow.com,Male,83.84.35.75
679,Sasha,Yacobsohn,syacobsohniu@blog.com,Female,105.133.167.110
680,Drucy,Delbergue,ddelbergueiv@goo.gl,Female,105.225.214.142
681,Shelbi,Seary,ssearyiw@mozilla.org,Genderqueer,74.182.54.10
682,Kennedy,Pavie,kpavieix@skype.com,Male,214.193.227.149
683,Antonius,Winscum,awinscumiy@parallels.com,Male,201.180.198.163
684,Mufinella,Phizakarley,mphizakarleyiz@sina.com.cn,Bigender,91.209.110.119
685,Dottie,Estcourt,destcourtj0@spiegel.de,Genderfluid,118.156.42.116
686,Jolyn,Van der Brug,jvanderbrugj1@mapquest.com,Female,19.69.70.117
687,Oneida,Sondon,osondonj2@sphinn.com,Female,25.195.16.167
688,Isador,Canadas,icanadasj3@tiny.cc,Male,69.178.196.53
689,Kev,Ianetti,kianettij4@networkadvertising.org,Male,27.178.89.246
690,Biron,Rapsey,brapseyj5@senate.gov,Male,254.177.4.123
691,Roddie,Matuska,rmatuskaj6@about.com,Male,145.4.245.35
692,Sheridan,Haxbie,shaxbiej7@elegantthemes.com,Male,7.165.232.20
693,Tillie,Shoobridge,tshoobridgej8@dion.ne.jp,Female,124.110.177.90
694,Cass,Espin,cespinj9@ed.gov,Male,111.178.149.185
695,Fonzie,Oxtaby,foxtabyja@wired.com,Male,7.20.40.125
696,Astrid,Bendtsen,abendtsenjb@studiopress.com,Female,101.91.232.244
697,Consalve,Bernardes,cbernardesjc@tumblr.com,Male,233.53.117.104
698,Euell,Messer,emesserjd@vimeo.com,Male,250.84.118.44
699,Myrilla,Whetland,mwhetlandje@cam.ac.uk,Female,205.15.226.45
700,Halimeda,Osgardby,hosgardbyjf@lulu.com,Female,135.206.200.121
701,Franz,Fellgatt,ffellgattjg@disqus.com,Male,244.0.66.85
702,Ara,Arson,aarsonjh@psu.edu,Genderfluid,143.216.156.96
703,Morganica,Cluely,mcluelyji@mediafire.com,Female,37.194.1.142
704,Flemming,Kunes,fkunesjj@reference.com,Male,160.186.120.39
705,Nicki,Krates,nkratesjk@salon.com,Genderqueer,117.245.204.183
706,Gaven,Gledhill,ggledhilljl@businesswire.com,Male,204.65.12.131
707,Samson,Sealove,ssealovejm@nbcnews.com,Male,132.157.109.131
708,Kerry,Tuffley,ktuffleyjn@umich.edu,Male,125.179.137.188
709,Tedman,Dobrowolski,tdobrowolskijo@google.ca,Non-binary,217.220.37.18
710,Ximenez,Pearson,xpearsonjp@vistaprint.com,Male,109.167.142.234
711,Martyn,Simonds,msimondsjq@eventbrite.com,Male,129.134.176.128
712,Aldo,Clack,aclackjr@vistaprint.com,Male,103.152.212.151
713,Aubrey,Elion,aelionjs@theglobeandmail.com,Male,199.239.137.168
714,Linnie,Pickston,lpickstonjt@arizona.edu,Female,42.198.208.146
715,Jessie,Slorance,jsloranceju@taobao.com,Male,191.252.176.52
716,Leia,Bessom,lbessomjv@ihg.com,Female,148.112.183.188
717,Barnett,Jozefiak,bjozefiakjw@usnews.com,Genderqueer,226.80.97.87
718,Robbie,Luckhurst,rluckhurstjx@4shared.com,Female,143.101.231.34
719,Karil,Magne,kmagnejy@nba.com,Female,24.230.238.13
720,Anderea,Smullin,asmullinjz@google.ca,Female,132.4.89.159
721,Early,Barwood,ebarwoodk0@google.nl,Male,41.169.215.126
722,Lorita,Theyer,ltheyerk1@epa.gov,Female,203.131.161.225
723,Wendeline,Pimley,wpimleyk2@wiley.com,Female,78.160.151.6
724,Teodoro,Sanbrook,tsanbrookk3@auda.org.au,Male,15.46.205.88
725,Rea,Lozano,rlozanok4@indiatimes.com,Female,212.128.225.185
726,Correy,Parffrey,cparffreyk5@list-manage.com,Female,254.81.155.118
727,Wait,Tharme,wtharmek6@yellowpages.com,Male,119.106.42.115
728,Myrwyn,Mate,mmatek7@livejournal.com,Male,134.239.9.32
729,Tedie,Merida,tmeridak8@so-net.ne.jp,Male,203.99.43.123
730,Bibbie,Kegg,bkeggk9@blog.com,Female,147.55.164.163
731,Rhodie,Challender,rchallenderka@usnews.com,Female,3.79.158.159
732,Prissie,Kilgrew,pkilgrewkb@whitehouse.gov,Female,29.141.78.41
733,Berna,Moorwood,bmoorwoodkc@jalbum.net,Bigender,187.87.198.169
734,Carly,Downse,cdownsekd@prlog.org,Female,189.151.117.0
735,Phaidra,Jarvie,pjarvieke@ox.ac.uk,Female,127.48.171.217
736,Sadella,Brennenstuhl,sbrennenstuhlkf@nytimes.com,Female,41.14.248.167
737,Roanna,Leppington,rleppingtonkg@si.edu,Female,229.19.137.204
738,Roslyn,Hamilton,rhamiltonkh@marriott.com,Female,232.246.165.238
739,Elfrieda,Alabone,ealaboneki@timesonline.co.uk,Female,43.63.73.57
740,Sayre,Shilladay,sshilladaykj@com.com,Male,152.190.223.24
741,Tabbie,Spyby,tspybykk@cnet.com,Male,153.178.64.183
742,Gustave,Emmanuele,gemmanuelekl@aboutads.info,Male,96.173.185.203
743,Maurice,McCray,mmccraykm@furl.net,Male,209.62.20.194
744,Stacee,Rohfsen,srohfsenkn@tiny.cc,Female,202.221.152.94
745,Corbett,Leibold,cleiboldko@irs.gov,Male,247.53.28.226
746,Bronny,Argente,bargentekp@technorati.com,Male,0.159.63.63
747,Miller,Sharples,msharpleskq@reference.com,Male,16.12.3.226
748,Othella,Freddi,ofreddikr@vkontakte.ru,Female,90.253.34.244
749,Evita,Simoncello,esimoncelloks@t-online.de,Female,143.69.4.220
750,Jacqueline,Malkie,jmalkiekt@time.com,Female,73.126.26.40
751,Karim,Jeannot,kjeannotku@guardian.co.uk,Male,44.136.31.162
752,Benny,Orgee,borgeekv@utexas.edu,Male,37.227.41.111
753,Nada,McGavin,nmcgavinkw@harvard.edu,Female,137.43.25.130
754,Yves,Dacke,ydackekx@phpbb.com,Non-binary,212.149.196.146
755,Orville,Plimmer,oplimmerky@columbia.edu,Male,36.242.179.197
756,Pia,Sirette,psirettekz@google.com,Female,3.227.125.64
757,Hector,Padwick,hpadwickl0@unblog.fr,Male,46.95.247.172
758,Feodora,Lillow,flillowl1@google.ru,Female,6.85.162.20
759,Rubia,Oxteby,roxtebyl2@ebay.co.uk,Female,208.197.230.106
760,Jorrie,Cheine,jcheinel3@wikia.com,Polygender,70.120.10.222
761,Aubert,Aleavy,aaleavyl4@plala.or.jp,Male,151.35.139.195
762,Lucky,Buddleigh,lbuddleighl5@technorati.com,Female,252.2.136.166
763,Pam,Gaddie,pgaddiel6@umich.edu,Female,157.96.85.42
764,Ellene,Matschuk,ematschukl7@oaic.gov.au,Female,118.132.89.134
765,Wini,Letrange,wletrangel8@hubpages.com,Female,244.5.103.218
766,Martica,Trenoweth,mtrenowethl9@house.gov,Female,106.41.70.38
767,Rora,Dilley,rdilleyla@bandcamp.com,Female,58.98.217.148
768,Dolly,Lomaz,dlomazlb@nasa.gov,Female,187.162.200.50
769,Barnie,Eames,beameslc@devhub.com,Male,250.29.211.164
770,Sidney,Salmond,ssalmondld@harvard.edu,Male,35.97.100.42
771,Rhys,Stooders,rstoodersle@reddit.com,Male,25.56.210.38
772,Madlin,Raymont,mraymontlf@sina.com.cn,Female,146.110.244.153
773,Miriam,Coddington,mcoddingtonlg@ft.com,Female,26.89.63.26
774,Myrna,Deval,mdevallh@ft.com,Female,221.242.51.228
775,Bryna,Myrkus,bmyrkusli@bravesites.com,Female,123.5.186.219
776,Currie,Waggett,cwaggettlj@foxnews.com,Male,228.20.187.67
777,Curt,Haskur,chaskurlk@diigo.com,Male,237.7.130.69
778,Roi,Jodrelle,rjodrellell@elpais.com,Male,6.17.200.232
779,Reba,Burker,rburkerlm@reverbnation.com,Genderfluid,55.42.222.35
780,Elberta,Burchall,eburchallln@patch.com,Female,91.8.179.215
781,Stormie,Hukin,shukinlo@nasa.gov,Female,227.17.228.53
782,Megen,Zavattiero,mzavattierolp@moonfruit.com,Female,231.156.90.107
783,Tabatha,Constanza,tconstanzalq@freewebs.com,Genderqueer,85.244.48.161
784,Cindie,Ketchen,cketchenlr@wiley.com,Female,200.19.246.27
785,Sam,Plum,splumls@wisc.edu,Female,61.111.237.147
786,Glenda,Leathem,gleathemlt@networksolutions.com,Female,123.157.152.36
787,Pauline,Jelly,pjellylu@state.tx.us,Female,97.110.99.85
788,Foster,Tall,ftalllv@icq.com,Male,128.107.165.0
789,Cam,Allchin,callchinlw@amazon.de,Female,27.229.127.242
790,Kiley,Smellie,ksmellielx@desdev.cn,Female,36.49.233.150
791,Roxine,Elcott,relcottly@live.com,Female,195.37.43.97
792,Kanya,Cookney,kcookneylz@ed.gov,Female,104.65.22.175
793,Prinz,Copin,pcopinm0@wikipedia.org,Male,1.34.193.121
794,Alene,Sevier,asevierm1@wikia.com,Female,26.164.248.88
795,Rip,Sherrock,rsherrockm2@deliciousdays.com,Male,111.247.147.124
796,Artair,Ricardou,aricardoum3@nps.gov,Male,86.148.148.92
797,Brittne,Trevers,btreversm4@privacy.gov.au,Female,138.169.59.96
798,Coralie,Rheam,crheamm5@mac.com,Female,198.37.75.92
799,Lanita,Rockell,lrockellm6@jiathis.com,Female,25.223.227.61
800,Sutherland,Arblaster,sarblasterm7@who.int,Male,80.194.34.82
801,Aldus,Fibbens,afibbensm8@weather.com,Male,121.98.193.166
802,Hildegarde,Gingel,hgingelm9@123-reg.co.uk,Female,46.177.190.134
803,Brunhilde,Bubb,bbubbma@gnu.org,Female,152.163.89.199
804,Patrizia,Lawford,plawfordmb@noaa.gov,Female,210.15.229.57
805,Susanetta,Sent,ssentmc@quantcast.com,Female,172.56.122.136
806,Meghann,Longmead,mlongmeadmd@chron.com,Female,253.118.32.233
807,Herta,MacCosto,hmaccostome@mysql.com,Female,180.55.95.246
808,Weider,Antill,wantillmf@google.com.au,Male,92.244.121.132
809,Johnathan,Canner,jcannermg@hc360.com,Male,210.151.36.254
810,Karil,Yorston,kyorstonmh@twitter.com,Genderfluid,45.48.64.234
811,Kaine,Neeve,kneevemi@baidu.com,Male,23.125.141.191
812,Wendye,Cisland,wcislandmj@google.co.uk,Female,114.197.138.209
813,Vera,Funcheon,vfuncheonmk@jugem.jp,Non-binary,206.57.58.166
814,John,Georges,jgeorgesml@techcrunch.com,Male,251.248.28.202
815,Rhodia,Goodreid,rgoodreidmm@mozilla.com,Agender,182.250.209.83
816,Gerardo,Murkitt,gmurkittmn@exblog.jp,Non-binary,37.81.171.199
817,Zonda,Kettles,zkettlesmo@wordpress.com,Female,126.34.122.147
818,Dee,Fahy,dfahymp@unicef.org,Female,103.189.83.197
819,Lenna,Baitman,lbaitmanmq@amazon.com,Female,6.24.76.14
820,Gilda,Dalgetty,gdalgettymr@globo.com,Female,63.189.94.75
821,Anson,Streatley,astreatleyms@blinklist.com,Male,29.89.92.232
822,Boycie,Kunneke,bkunnekemt@ocn.ne.jp,Bigender,60.249.244.47
823,Valentina,Leggat,vleggatmu@linkedin.com,Female,124.252.89.96
824,Alanson,Rive,arivemv@noaa.gov,Male,181.199.99.33
825,Elmira,Momford,emomfordmw@tuttocitta.it,Female,144.36.227.251
826,Krystle,Pollack,kpollackmx@bravesites.com,Female,29.34.216.246
827,Augustus,Swallwell,aswallwellmy@webnode.com,Male,104.113.102.236
828,Milton,Shelton,msheltonmz@pagesperso-orange.fr,Male,239.80.136.207
829,Nan,Glassford,nglassfordn0@amazon.co.jp,Female,249.253.239.86
830,Yancy,Reichardt,yreichardtn1@yellowpages.com,Male,182.131.24.113
831,Dallis,Heathwood,dheathwoodn2@wufoo.com,Genderqueer,204.202.174.105
832,Jordanna,Roland,jrolandn3@usatoday.com,Female,135.21.126.134
833,Phylys,Bouchard,pbouchardn4@seesaa.net,Polygender,67.239.61.23
834,Kary,Ibeson,kibesonn5@marriott.com,Female,26.133.103.140
835,Tomlin,Towers,ttowersn6@jiathis.com,Male,172.29.124.133
836,Johann,Von Welden,jvonweldenn7@techcrunch.com,Non-binary,96.2.94.189
837,Kellyann,Frankel,kfrankeln8@si.edu,Female,179.138.156.41
838,Jocelyn,Goodwill,jgoodwilln9@forbes.com,Female,19.185.208.237
839,Blondie,Dagg,bdaggna@squidoo.com,Female,214.184.24.113
840,Wallie,Entwistle,wentwistlenb@hc360.com,Female,177.124.107.64
841,Tana,Concannon,tconcannonnc@pen.io,Female,134.166.100.171
842,Jake,Liddell,jliddellnd@webmd.com,Male,165.63.81.9
843,Kissie,Catherall,kcatherallne@ftc.gov,Female,166.108.225.60
844,Rollie,Palmar,rpalmarnf@dyndns.org,Male,219.254.201.38
845,West,Pinare,wpinareng@51.la,Male,94.49.51.70
846,Brice,Tremmil,btremmilnh@businessinsider.com,Male,54.104.135.97
847,Ulrikaumeko,Churchley,uchurchleyni@cbslocal.com,Female,192.247.148.63
848,Denyse,Langstone,dlangstonenj@webmd.com,Female,54.128.129.244
849,Agnese,Conibear,aconibearnk@aboutads.info,Female,210.21.215.159
850,Raynor,Sallings,rsallingsnl@nytimes.com,Male,130.162.42.44
851,Magdalene,Lambird,mlambirdnm@163.com,Female,23.32.43.220
852,Clovis,Escalero,cescaleronn@discuz.net,Female,222.178.18.24
853,Cari,Balthasar,cbalthasarno@diigo.com,Female,194.152.132.131
854,Morse,Garford,mgarfordnp@accuweather.com,Male,121.159.136.24
855,Jaynell,Mattimoe,jmattimoenq@sciencedirect.com,Female,136.225.9.157
856,Horace,Jenson,hjensonnr@quantcast.com,Male,82.26.229.166
857,Lowe,Faraker,lfarakerns@smugmug.com,Male,30.50.132.124
858,Terra,Vincent,tvincentnt@google.cn,Female,71.241.230.162
859,Georgetta,Muzzini,gmuzzininu@go.com,Female,8.224.146.8
860,Solly,Lailey,slaileynv@phoca.cz,Male,167.250.20.180
861,Rene,Riddlesden,rriddlesdennw@sina.com.cn,Female,32.236.181.12
862,Kevyn,Morritt,kmorrittnx@flickr.com,Female,221.141.60.104
863,Caresa,Boulstridge,cboulstridgeny@ucoz.com,Female,124.69.7.15
864,Engelbert,Durrad,edurradnz@discuz.net,Male,30.29.146.126
865,Lucille,Perle,lperleo0@networksolutions.com,Female,212.93.145.205
866,Joeann,Keneford,jkenefordo1@nytimes.com,Female,139.191.26.84
867,Teresita,Blose,tbloseo2@google.de,Polygender,186.25.102.182
868,Jerrome,Lambot,jlamboto3@histats.com,Male,177.104.249.236
869,Beth,Ambridge,bambridgeo4@about.me,Female,76.207.36.192
870,Abbott,Anstice,aansticeo5@wikimedia.org,Male,201.215.25.74
871,Camel,Audibert,caudiberto6@opera.com,Female,210.132.146.71
872,Laurence,Janacek,ljanaceko7@cafepress.com,Male,6.204.197.198
873,Martino,Cairns,mcairnso8@wisc.edu,Male,186.186.149.62
874,Giraldo,Bagster,gbagstero9@elpais.com,Male,2.97.68.221
875,Kellen,Nulty,knultyoa@amazonaws.com,Male,237.6.122.182
876,Zaneta,Quenby,zquenbyob@about.com,Female,236.164.107.28
877,Aguie,Riddiough,ariddioughoc@paypal.com,Male,248.174.199.31
878,Kalie,Southan,ksouthanod@opensource.org,Female,217.118.233.141
879,Paulo,Shambroke,pshambrokeoe@nbcnews.com,Bigender,217.249.167.236
880,Burnard,Applegate,bapplegateof@diigo.com,Male,75.6.43.167
881,Neale,Style,nstyleog@canalblog.com,Male,203.239.176.114
882,Carley,Grayham,cgrayhamoh@time.com,Female,243.115.229.255
883,Roz,Embleton,rembletonoi@disqus.com,Female,214.3.83.196
884,Saul,Physick,sphysickoj@paginegialle.it,Male,44.226.5.59
885,Carolina,O'Mohun,comohunok@xinhuanet.com,Female,21.116.209.181
886,Mattias,McCrohon,mmccrohonol@nhs.uk,Male,104.121.245.70
887,Benedetta,Firidolfi,bfiridolfiom@bloomberg.com,Female,120.42.252.172
888,Ralf,Copnell,rcopnellon@theatlantic.com,Male,224.237.94.146
889,Donni,O'Dowling,dodowlingoo@merriam-webster.com,Female,37.131.54.198
890,Odelinda,Durrell,odurrellop@rambler.ru,Female,161.23.247.4
891,Rosco,Hebdon,rhebdonoq@umn.edu,Male,239.237.201.250
892,Alistair,Pulham,apulhamor@engadget.com,Male,167.152.73.22
893,Quill,Fairfull,qfairfullos@yahoo.co.jp,Male,215.234.70.189
894,Jeralee,Sphinxe,jsphinxeot@answers.com,Female,5.61.94.173
895,Lavena,Scothorne,lscothorneou@oakley.com,Genderfluid,124.242.171.210
896,Lebbie,Carillo,lcarilloov@ucoz.com,Female,45.82.150.117
897,Mable,Mila,mmilaow@privacy.gov.au,Genderfluid,146.240.182.6
898,Stewart,Cicculini,scicculiniox@shutterfly.com,Male,165.148.155.193
899,Debee,Albert,dalbertoy@usda.gov,Female,208.60.109.16
900,Yuri,Lifton,yliftonoz@state.gov,Male,184.18.248.7
901,Humfried,O'Cahey,hocaheyp0@dropbox.com,Agender,203.173.230.120
902,Dar,O'Devey,dodeveyp1@meetup.com,Male,137.128.9.206
903,Rickie,Matthewes,rmatthewesp2@google.it,Male,253.198.150.50
904,Ignace,Stennings,istenningsp3@sogou.com,Male,163.199.20.92
905,Sonny,Gerlack,sgerlackp4@nationalgeographic.com,Male,154.39.109.192
906,Bonni,Cumming,bcummingp5@mit.edu,Female,220.74.188.141
907,Samantha,Draycott,sdraycottp6@live.com,Female,197.69.46.116
908,West,Eidelman,weidelmanp7@salon.com,Male,5.15.95.238
909,Dene,Dovidaitis,ddovidaitisp8@utexas.edu,Male,64.82.239.163
910,Putnem,O'Donegan,podoneganp9@github.com,Male,162.148.92.65
911,Damara,McMenamie,dmcmenamiepa@buzzfeed.com,Female,234.24.102.199
912,Buiron,Tummons,btummonspb@yellowpages.com,Male,61.12.141.39
913,Carlynn,Witchard,cwitchardpc@cnn.com,Female,209.216.121.28
914,Buck,Bernardes,bbernardespd@wordpress.org,Male,84.156.58.167
915,Jocko,Gavin,jgavinpe@lulu.com,Male,120.86.249.237
916,Renelle,Keson,rkesonpf@yellowbook.com,Female,194.79.204.199
917,Freddi,Jobern,fjobernpg@a8.net,Female,140.185.134.192
918,Bertrando,Paslow,bpaslowph@sun.com,Male,144.229.197.73
919,Darcie,Toderi,dtoderipi@reddit.com,Female,139.91.129.127
920,Zeb,Kitman,zkitmanpj@usa.gov,Male,24.203.211.101
921,Caralie,Geffe,cgeffepk@xing.com,Female,177.84.248.51
922,Godwin,Kunert,gkunertpl@abc.net.au,Male,138.67.61.81
923,Dru,Orchart,dorchartpm@addthis.com,Male,50.96.196.253
924,Parker,Burdge,pburdgepn@alexa.com,Male,163.200.169.51
925,Paquito,Dipple,pdipplepo@goo.gl,Male,248.216.117.11
926,Gayler,Dooher,gdooherpp@marketwatch.com,Male,218.11.47.149
927,Albina,Simnett,asimnettpq@flavors.me,Female,57.105.62.58
928,Stinky,Triner,strinerpr@toplist.cz,Male,15.117.21.97
929,Loria,Mustard,lmustardps@thetimes.co.uk,Female,169.50.181.96
930,Rivalee,Battie,rbattiept@geocities.com,Female,18.190.94.181
931,Cristian,Vasechkin,cvasechkinpu@army.mil,Male,166.74.165.143
932,Niven,Tyndall,ntyndallpv@storify.com,Male,164.136.101.212
933,Faustina,Killough,fkilloughpw@google.cn,Female,0.24.116.67
934,Kesley,Filyukov,kfilyukovpx@dion.ne.jp,Genderfluid,18.107.107.227
935,Julienne,Markushkin,jmarkushkinpy@senate.gov,Female,176.27.54.180
936,Del,Kenwell,dkenwellpz@boston.com,Polygender,95.121.156.160
937,Kyle,Kalvin,kkalvinq0@nydailynews.com,Female,203.68.209.132
938,Benedetto,Degoix,bdegoixq1@gmpg.org,Agender,218.101.188.180
939,Grenville,Bateup,gbateupq2@stanford.edu,Male,195.150.151.170
940,Billye,Bloomer,bbloomerq3@google.com.au,Female,169.33.186.55
941,Isac,Lere,ilereq4@amazon.co.uk,Male,169.42.32.124
942,Obadias,Tate,otateq5@nytimes.com,Male,47.178.59.123
943,Ward,Jesson,wjessonq6@about.me,Male,112.12.247.205
944,Will,Goldsberry,wgoldsberryq7@typepad.com,Male,33.78.228.56
945,Derril,Mockler,dmocklerq8@cnbc.com,Male,208.49.165.51
946,Darrell,Beldan,dbeldanq9@dailymail.co.uk,Male,167.246.100.153
947,Cazzie,Edgson,cedgsonqa@google.com.br,Male,78.193.182.40
948,Evonne,Mayhou,emayhouqb@utexas.edu,Female,230.102.55.28
949,Felice,Hallard,fhallardqc@mozilla.com,Male,215.31.156.98
950,Quintana,Feenan,qfeenanqd@cyberchimps.com,Female,174.99.80.68
951,Marge,Ewell,mewellqe@indiatimes.com,Female,133.95.86.213
952,Noland,Reynard,nreynardqf@yelp.com,Male,248.87.227.251
953,Gussy,Thackray,gthackrayqg@wikispaces.com,Female,150.213.246.170
954,Shane,Rawne,srawneqh@dagondesign.com,Male,70.201.168.197
955,Lorita,Winsbury,lwinsburyqi@blogs.com,Female,200.204.124.107
956,Frankie,Bingley,fbingleyqj@miibeian.gov.cn,Female,132.143.1.84
957,Nick,Wolters,nwoltersqk@gnu.org,Male,160.92.38.181
958,Franny,Sheffield,fsheffieldql@sourceforge.net,Female,110.144.184.223
959,Dione,Hawton,dhawtonqm@clickbank.net,Female,231.209.148.20
960,Gunilla,Dewar,gdewarqn@cpanel.net,Female,156.54.90.30
961,Ellerey,Saunt,esauntqo@drupal.org,Male,253.251.58.56
962,Carolina,Almack,calmackqp@berkeley.edu,Female,58.185.220.25
963,Noam,Doni,ndoniqq@cdbaby.com,Male,27.77.48.217
964,Rosalyn,Whitticks,rwhitticksqr@google.co.uk,Female,143.223.3.166
965,Skell,Geere,sgeereqs@pbs.org,Male,171.43.15.249
966,Shawn,Claque,sclaqueqt@ucoz.com,Male,66.106.79.96
967,Torey,Klaff,tklaffqu@imgur.com,Female,220.214.123.48
968,Carroll,McNae,cmcnaeqv@umich.edu,Female,130.210.26.228
969,Cosette,Neeves,cneevesqw@cafepress.com,Female,249.152.75.31
970,Zarla,Lorraway,zlorrawayqx@nasa.gov,Genderqueer,98.224.36.242
971,Karita,Mabley,kmableyqy@cnbc.com,Female,115.183.224.149
972,Frederigo,Iliff,filiffqz@dailymail.co.uk,Male,8.213.152.17
973,Belva,Couche,bcoucher0@cbslocal.com,Female,172.184.20.203
974,Cecelia,Pennock,cpennockr1@baidu.com,Female,48.205.134.84
975,Jonathon,Coggings,jcoggingsr2@163.com,Male,187.70.102.223
976,Tanitansy,Baggelley,tbaggelleyr3@kickstarter.com,Female,206.160.21.32
977,Bartel,Stiegars,bstiegarsr4@comsenz.com,Male,61.151.141.247
978,Lauryn,Siddeley,lsiddeleyr5@example.com,Female,28.4.188.127
979,Krista,Evason,kevasonr6@nba.com,Female,130.199.26.219
980,Maurene,Braben,mbrabenr7@ca.gov,Female,139.39.246.206
981,Patton,Gianilli,pgianillir8@comcast.net,Male,155.99.150.233
982,Grady,Eble,gebler9@virginia.edu,Male,9.209.212.51
983,Isaiah,Grandisson,igrandissonra@ted.com,Male,231.212.235.131
984,Larisa,Benjafield,lbenjafieldrb@npr.org,Female,9.56.49.191
985,Zaneta,Coonan,zcoonanrc@w3.org,Female,99.175.89.85
986,Kelley,Skechley,kskechleyrd@people.com.cn,Male,94.21.254.144
987,Waylen,Sommerscales,wsommerscalesre@diigo.com,Male,189.122.114.3
988,Dacy,Dureden,dduredenrf@friendfeed.com,Female,24.135.0.70
989,Morena,Caltun,mcaltunrg@yandex.ru,Female,51.58.79.207
990,Mame,Robker,mrobkerrh@marriott.com,Female,100.180.80.167
991,Ros,Higford,rhigfordri@princeton.edu,Female,86.166.3.113
992,Patience,Sprigings,psprigingsrj@friendfeed.com,Female,176.246.28.60
993,Piotr,Petschel,ppetschelrk@wiley.com,Male,225.193.145.26
994,Tad,Imlacke,timlackerl@examiner.com,Male,139.132.77.182
995,Evelina,Grabeham,egrabehamrm@wordpress.com,Female,214.94.207.163
996,Bianka,Masdin,bmasdinrn@yellowbook.com,Female,139.81.11.231
997,Katharyn,Huckabe,khuckabero@accuweather.com,Female,91.103.138.5
998,Sascha,Van Daalen,svandaalenrp@google.co.uk,Male,176.245.193.48
999,Oswell,Astlett,oastlettrq@google.es,Male,141.75.254.114
1000,Felicdad,Autrie,fautrierr@fc2.com,Genderqueer,117.81.33.184
